inventory_id,store_id,product_id,stock,last_update
1,1,1,2,2026-04-04 12:31:02.168721
2,1,2,4,2026-04-04 12:31:02.168721
3,1,3,1,2026-04-04 12:31:02.168721
4,1,4,0,2026-04-04 12:31:02.168721
5,1,5,2,2026-04-04 12:31:02.168721
6,1,6,3,2026-04-04 12:31:02.168721
7,1,7,1,2026-04-04 12:31:02.168721
8,1,8,1,2026-04-04 12:31:02.168721
9,1,9,4,2026-04-04 12:31:02.168721
10,1,10,3,2026-04-04 12:31:02.168721
11,1,11,3,2026-04-04 12:31:02.168721
12,1,12,1,2026-04-04 12:31:02.168721
13,1,13,0,2026-04-04 12:31:02.168721
15,1,15,0,2026-04-04 12:31:02.168721
16,1,16,3,2026-04-04 12:31:02.168721
17,1,17,0,2026-04-04 12:31:02.168721
18,1,18,2,2026-04-04 12:31:02.168721
19,1,19,4,2026-04-04 12:31:02.168721
20,1,20,3,2026-04-04 12:31:02.168721
21,1,21,1,2026-04-04 12:31:02.168721
22,1,22,0,2026-04-04 12:31:02.168721
23,1,23,3,2026-04-04 12:31:02.168721
24,1,24,3,2026-04-04 12:31:02.168721
25,1,25,0,2026-04-04 12:31:02.168721
26,1,26,3,2026-04-04 12:31:02.168721
27,1,27,4,2026-04-04 12:31:02.168721
28,1,28,2,2026-04-04 12:31:02.168721
29,1,29,1,2026-04-04 12:31:02.168721
30,1,30,1,2026-04-04 12:31:02.168721
31,1,31,2,2026-04-04 12:31:02.168721
32,1,32,0,2026-04-04 12:31:02.168721
33,1,33,1,2026-04-04 12:31:02.168721
34,1,34,2,2026-04-04 12:31:02.168721
35,1,35,2,2026-04-04 12:31:02.168721
36,1,36,4,2026-04-04 12:31:02.168721
38,1,38,4,2026-04-04 12:31:02.168721
39,1,39,0,2026-04-04 12:31:02.168721
40,1,40,0,2026-04-04 12:31:02.168721
41,1,41,4,2026-04-04 12:31:02.168721
42,1,42,2,2026-04-04 12:31:02.168721
44,1,44,1,2026-04-04 12:31:02.168721
45,1,45,0,2026-04-04 12:31:02.168721
46,1,46,2,2026-04-04 12:31:02.168721
47,1,47,1,2026-04-04 12:31:02.168721
48,1,48,1,2026-04-04 12:31:02.168721
49,1,49,4,2026-04-04 12:31:02.168721
50,1,50,1,2026-04-04 12:31:02.168721
51,2,1,3,2026-04-04 12:31:02.168721
52,2,2,3,2026-04-04 12:31:02.168721
53,2,3,0,2026-04-04 12:31:02.168721
54,2,4,1,2026-04-04 12:31:02.168721
55,2,5,0,2026-04-04 12:31:02.168721
56,2,6,2,2026-04-04 12:31:02.168721
57,2,7,4,2026-04-04 12:31:02.168721
58,2,8,0,2026-04-04 12:31:02.168721
59,2,9,3,2026-04-04 12:31:02.168721
60,2,10,4,2026-04-04 12:31:02.168721
61,2,11,0,2026-04-04 12:31:02.168721
62,2,12,3,2026-04-04 12:31:02.168721
63,2,13,4,2026-04-04 12:31:02.168721
65,2,15,2,2026-04-04 12:31:02.168721
66,2,16,1,2026-04-04 12:31:02.168721
67,2,17,1,2026-04-04 12:31:02.168721
68,2,18,0,2026-04-04 12:31:02.168721
69,2,19,3,2026-04-04 12:31:02.168721
70,2,20,3,2026-04-04 12:31:02.168721
71,2,21,0,2026-04-04 12:31:02.168721
72,2,22,4,2026-04-04 12:31:02.168721
73,2,23,1,2026-04-04 12:31:02.168721
74,2,24,3,2026-04-04 12:31:02.168721
75,2,25,4,2026-04-04 12:31:02.168721
76,2,26,1,2026-04-04 12:31:02.168721
77,2,27,0,2026-04-04 12:31:02.168721
78,2,28,2,2026-04-04 12:31:02.168721
79,2,29,3,2026-04-04 12:31:02.168721
80,2,30,1,2026-04-04 12:31:02.168721
81,2,31,1,2026-04-04 12:31:02.168721
82,2,32,0,2026-04-04 12:31:02.168721
83,2,33,2,2026-04-04 12:31:02.168721
84,2,34,1,2026-04-04 12:31:02.168721
85,2,35,3,2026-04-04 12:31:02.168721
86,2,36,2,2026-04-04 12:31:02.168721
88,2,38,4,2026-04-04 12:31:02.168721
89,2,39,4,2026-04-04 12:31:02.168721
90,2,40,2,2026-04-04 12:31:02.168721
91,2,41,2,2026-04-04 12:31:02.168721
92,2,42,0,2026-04-04 12:31:02.168721
93,2,43,0,2026-04-04 12:31:02.168721
94,2,44,3,2026-04-04 12:31:02.168721
95,2,45,2,2026-04-04 12:31:02.168721
96,2,46,1,2026-04-04 12:31:02.168721
97,2,47,4,2026-04-04 12:31:02.168721
98,2,48,4,2026-04-04 12:31:02.168721
99,2,49,2,2026-04-04 12:31:02.168721
100,2,50,0,2026-04-04 12:31:02.168721
101,3,1,4,2026-04-04 12:31:02.168721
102,3,2,2,2026-04-04 12:31:02.168721
103,3,3,0,2026-04-04 12:31:02.168721
104,3,4,1,2026-04-04 12:31:02.168721
105,3,5,2,2026-04-04 12:31:02.168721
106,3,6,3,2026-04-04 12:31:02.168721
107,3,7,0,2026-04-04 12:31:02.168721
108,3,8,2,2026-04-04 12:31:02.168721
109,3,9,4,2026-04-04 12:31:02.168721
110,3,10,3,2026-04-04 12:31:02.168721
111,3,11,1,2026-04-04 12:31:02.168721
112,3,12,4,2026-04-04 12:31:02.168721
113,3,13,2,2026-04-04 12:31:02.168721
114,3,14,1,2026-04-04 12:31:02.168721
115,3,15,2,2026-04-04 12:31:02.168721
116,3,16,3,2026-04-04 12:31:02.168721
118,3,18,1,2026-04-04 12:31:02.168721
119,3,19,4,2026-04-04 12:31:02.168721
120,3,20,2,2026-04-04 12:31:02.168721
121,3,21,4,2026-04-04 12:31:02.168721
122,3,22,3,2026-04-04 12:31:02.168721
123,3,23,1,2026-04-04 12:31:02.168721
124,3,24,1,2026-04-04 12:31:02.168721
125,3,25,1,2026-04-04 12:31:02.168721
126,3,26,4,2026-04-04 12:31:02.168721
127,3,27,1,2026-04-04 12:31:02.168721
128,3,28,0,2026-04-04 12:31:02.168721
129,3,29,2,2026-04-04 12:31:02.168721
130,3,30,3,2026-04-04 12:31:02.168721
131,3,31,2,2026-04-04 12:31:02.168721
132,3,32,3,2026-04-04 12:31:02.168721
133,3,33,1,2026-04-04 12:31:02.168721
134,3,34,4,2026-04-04 12:31:02.168721
135,3,35,4,2026-04-04 12:31:02.168721
136,3,36,3,2026-04-04 12:31:02.168721
137,3,37,3,2026-04-04 12:31:02.168721
138,3,38,2,2026-04-04 12:31:02.168721
139,3,39,3,2026-04-04 12:31:02.168721
140,3,40,1,2026-04-04 12:31:02.168721
141,3,41,3,2026-04-04 12:31:02.168721
142,3,42,3,2026-04-04 12:31:02.168721
144,3,44,4,2026-04-04 12:31:02.168721
145,3,45,4,2026-04-04 12:31:02.168721
146,3,46,3,2026-04-04 12:31:02.168721
147,3,47,2,2026-04-04 12:31:02.168721
148,3,48,1,2026-04-04 12:31:02.168721
149,3,49,1,2026-04-04 12:31:02.168721
151,4,1,2,2026-04-04 12:31:02.168721
152,4,2,3,2026-04-04 12:31:02.168721
153,4,3,2,2026-04-04 12:31:02.168721
154,4,4,3,2026-04-04 12:31:02.168721
155,4,5,2,2026-04-04 12:31:02.168721
156,4,6,1,2026-04-04 12:31:02.168721
157,4,7,2,2026-04-04 12:31:02.168721
14,1,14,1,2026-04-04 12:31:02.168721
87,2,37,1,2026-04-04 12:31:02.168721
117,3,17,3,2026-04-04 12:31:02.168721
150,3,50,1,2026-04-04 12:31:02.168721
158,4,8,3,2026-04-04 12:31:02.168721
159,4,9,2,2026-04-04 12:31:02.168721
160,4,10,4,2026-04-04 12:31:02.168721
161,4,11,4,2026-04-04 12:31:02.168721
162,4,12,3,2026-04-04 12:31:02.168721
163,4,13,0,2026-04-04 12:31:02.168721
165,4,15,0,2026-04-04 12:31:02.168721
166,4,16,3,2026-04-04 12:31:02.168721
167,4,17,0,2026-04-04 12:31:02.168721
168,4,18,0,2026-04-04 12:31:02.168721
169,4,19,4,2026-04-04 12:31:02.168721
170,4,20,0,2026-04-04 12:31:02.168721
171,4,21,0,2026-04-04 12:31:02.168721
172,4,22,1,2026-04-04 12:31:02.168721
173,4,23,4,2026-04-04 12:31:02.168721
174,4,24,3,2026-04-04 12:31:02.168721
175,4,25,2,2026-04-04 12:31:02.168721
176,4,26,2,2026-04-04 12:31:02.168721
177,4,27,1,2026-04-04 12:31:02.168721
178,4,28,3,2026-04-04 12:31:02.168721
179,4,29,1,2026-04-04 12:31:02.168721
180,4,30,1,2026-04-04 12:31:02.168721
181,4,31,3,2026-04-04 12:31:02.168721
182,4,32,3,2026-04-04 12:31:02.168721
183,4,33,2,2026-04-04 12:31:02.168721
184,4,34,0,2026-04-04 12:31:02.168721
185,4,35,1,2026-04-04 12:31:02.168721
186,4,36,0,2026-04-04 12:31:02.168721
188,4,38,3,2026-04-04 12:31:02.168721
189,4,39,3,2026-04-04 12:31:02.168721
190,4,40,3,2026-04-04 12:31:02.168721
191,4,41,2,2026-04-04 12:31:02.168721
192,4,42,1,2026-04-04 12:31:02.168721
194,4,44,2,2026-04-04 12:31:02.168721
195,4,45,4,2026-04-04 12:31:02.168721
196,4,46,3,2026-04-04 12:31:02.168721
197,4,47,2,2026-04-04 12:31:02.168721
198,4,48,3,2026-04-04 12:31:02.168721
199,4,49,4,2026-04-04 12:31:02.168721
200,4,50,1,2026-04-04 12:31:02.168721
201,5,1,3,2026-04-04 12:31:02.168721
202,5,2,4,2026-04-04 12:31:02.168721
203,5,3,3,2026-04-04 12:31:02.168721
204,5,4,1,2026-04-04 12:31:02.168721
205,5,5,3,2026-04-04 12:31:02.168721
206,5,6,3,2026-04-04 12:31:02.168721
207,5,7,1,2026-04-04 12:31:02.168721
208,5,8,3,2026-04-04 12:31:02.168721
209,5,9,0,2026-04-04 12:31:02.168721
210,5,10,0,2026-04-04 12:31:02.168721
211,5,11,0,2026-04-04 12:31:02.168721
212,5,12,1,2026-04-04 12:31:02.168721
213,5,13,4,2026-04-04 12:31:02.168721
215,5,15,0,2026-04-04 12:31:02.168721
216,5,16,1,2026-04-04 12:31:02.168721
217,5,17,4,2026-04-04 12:31:02.168721
218,5,18,1,2026-04-04 12:31:02.168721
219,5,19,1,2026-04-04 12:31:02.168721
220,5,20,2,2026-04-04 12:31:02.168721
221,5,21,3,2026-04-04 12:31:02.168721
222,5,22,0,2026-04-04 12:31:02.168721
223,5,23,0,2026-04-04 12:31:02.168721
224,5,24,0,2026-04-04 12:31:02.168721
225,5,25,0,2026-04-04 12:31:02.168721
226,5,26,3,2026-04-04 12:31:02.168721
227,5,27,1,2026-04-04 12:31:02.168721
228,5,28,0,2026-04-04 12:31:02.168721
229,5,29,4,2026-04-04 12:31:02.168721
230,5,30,3,2026-04-04 12:31:02.168721
231,5,31,1,2026-04-04 12:31:02.168721
232,5,32,0,2026-04-04 12:31:02.168721
233,5,33,0,2026-04-04 12:31:02.168721
234,5,34,2,2026-04-04 12:31:02.168721
235,5,35,4,2026-04-04 12:31:02.168721
236,5,36,2,2026-04-04 12:31:02.168721
237,5,37,2,2026-04-04 12:31:02.168721
238,5,38,0,2026-04-04 12:31:02.168721
239,5,39,2,2026-04-04 12:31:02.168721
240,5,40,0,2026-04-04 12:31:02.168721
241,5,41,1,2026-04-04 12:31:02.168721
242,5,42,3,2026-04-04 12:31:02.168721
244,5,44,2,2026-04-04 12:31:02.168721
245,5,45,2,2026-04-04 12:31:02.168721
246,5,46,0,2026-04-04 12:31:02.168721
247,5,47,0,2026-04-04 12:31:02.168721
248,5,48,1,2026-04-04 12:31:02.168721
249,5,49,1,2026-04-04 12:31:02.168721
251,6,1,0,2026-04-04 12:31:02.168721
252,6,2,4,2026-04-04 12:31:02.168721
253,6,3,0,2026-04-04 12:31:02.168721
254,6,4,3,2026-04-04 12:31:02.168721
255,6,5,4,2026-04-04 12:31:02.168721
256,6,6,2,2026-04-04 12:31:02.168721
257,6,7,0,2026-04-04 12:31:02.168721
258,6,8,4,2026-04-04 12:31:02.168721
259,6,9,0,2026-04-04 12:31:02.168721
260,6,10,2,2026-04-04 12:31:02.168721
261,6,11,2,2026-04-04 12:31:02.168721
262,6,12,3,2026-04-04 12:31:02.168721
263,6,13,1,2026-04-04 12:31:02.168721
265,6,15,0,2026-04-04 12:31:02.168721
266,6,16,3,2026-04-04 12:31:02.168721
267,6,17,2,2026-04-04 12:31:02.168721
268,6,18,1,2026-04-04 12:31:02.168721
269,6,19,2,2026-04-04 12:31:02.168721
270,6,20,4,2026-04-04 12:31:02.168721
271,6,21,0,2026-04-04 12:31:02.168721
272,6,22,3,2026-04-04 12:31:02.168721
273,6,23,0,2026-04-04 12:31:02.168721
274,6,24,0,2026-04-04 12:31:02.168721
275,6,25,0,2026-04-04 12:31:02.168721
276,6,26,4,2026-04-04 12:31:02.168721
277,6,27,3,2026-04-04 12:31:02.168721
278,6,28,4,2026-04-04 12:31:02.168721
279,6,29,0,2026-04-04 12:31:02.168721
280,6,30,4,2026-04-04 12:31:02.168721
281,6,31,3,2026-04-04 12:31:02.168721
282,6,32,0,2026-04-04 12:31:02.168721
283,6,33,4,2026-04-04 12:31:02.168721
284,6,34,2,2026-04-04 12:31:02.168721
285,6,35,4,2026-04-04 12:31:02.168721
286,6,36,2,2026-04-04 12:31:02.168721
287,6,37,3,2026-04-04 12:31:02.168721
288,6,38,2,2026-04-04 12:31:02.168721
289,6,39,0,2026-04-04 12:31:02.168721
290,6,40,3,2026-04-04 12:31:02.168721
291,6,41,4,2026-04-04 12:31:02.168721
292,6,42,0,2026-04-04 12:31:02.168721
294,6,44,2,2026-04-04 12:31:02.168721
295,6,45,4,2026-04-04 12:31:02.168721
296,6,46,1,2026-04-04 12:31:02.168721
297,6,47,3,2026-04-04 12:31:02.168721
298,6,48,1,2026-04-04 12:31:02.168721
299,6,49,3,2026-04-04 12:31:02.168721
300,6,50,2,2026-04-04 12:31:02.168721
301,7,1,0,2026-04-04 12:31:02.168721
302,7,2,2,2026-04-04 12:31:02.168721
303,7,3,4,2026-04-04 12:31:02.168721
304,7,4,0,2026-04-04 12:31:02.168721
305,7,5,1,2026-04-04 12:31:02.168721
306,7,6,1,2026-04-04 12:31:02.168721
307,7,7,3,2026-04-04 12:31:02.168721
308,7,8,1,2026-04-04 12:31:02.168721
309,7,9,1,2026-04-04 12:31:02.168721
310,7,10,0,2026-04-04 12:31:02.168721
311,7,11,1,2026-04-04 12:31:02.168721
312,7,12,3,2026-04-04 12:31:02.168721
313,7,13,4,2026-04-04 12:31:02.168721
314,7,14,0,2026-04-04 12:31:02.168721
187,4,37,2,2026-04-04 12:31:02.168721
250,5,50,1,2026-04-04 12:31:02.168721
315,7,15,1,2026-04-04 12:31:02.168721
316,7,16,4,2026-04-04 12:31:02.168721
317,7,17,3,2026-04-04 12:31:02.168721
318,7,18,0,2026-04-04 12:31:02.168721
319,7,19,2,2026-04-04 12:31:02.168721
320,7,20,4,2026-04-04 12:31:02.168721
321,7,21,2,2026-04-04 12:31:02.168721
322,7,22,2,2026-04-04 12:31:02.168721
323,7,23,4,2026-04-04 12:31:02.168721
324,7,24,3,2026-04-04 12:31:02.168721
325,7,25,3,2026-04-04 12:31:02.168721
326,7,26,3,2026-04-04 12:31:02.168721
327,7,27,4,2026-04-04 12:31:02.168721
328,7,28,4,2026-04-04 12:31:02.168721
329,7,29,1,2026-04-04 12:31:02.168721
330,7,30,1,2026-04-04 12:31:02.168721
331,7,31,4,2026-04-04 12:31:02.168721
332,7,32,2,2026-04-04 12:31:02.168721
333,7,33,2,2026-04-04 12:31:02.168721
334,7,34,4,2026-04-04 12:31:02.168721
335,7,35,1,2026-04-04 12:31:02.168721
336,7,36,1,2026-04-04 12:31:02.168721
337,7,37,2,2026-04-04 12:31:02.168721
338,7,38,1,2026-04-04 12:31:02.168721
339,7,39,2,2026-04-04 12:31:02.168721
340,7,40,2,2026-04-04 12:31:02.168721
341,7,41,2,2026-04-04 12:31:02.168721
342,7,42,2,2026-04-04 12:31:02.168721
343,7,43,1,2026-04-04 12:31:02.168721
344,7,44,1,2026-04-04 12:31:02.168721
345,7,45,0,2026-04-04 12:31:02.168721
346,7,46,0,2026-04-04 12:31:02.168721
347,7,47,3,2026-04-04 12:31:02.168721
348,7,48,0,2026-04-04 12:31:02.168721
349,7,49,3,2026-04-04 12:31:02.168721
350,7,50,2,2026-04-04 12:31:02.168721
351,8,1,0,2026-04-04 12:31:02.168721
352,8,2,4,2026-04-04 12:31:02.168721
353,8,3,3,2026-04-04 12:31:02.168721
354,8,4,2,2026-04-04 12:31:02.168721
355,8,5,1,2026-04-04 12:31:02.168721
356,8,6,2,2026-04-04 12:31:02.168721
357,8,7,4,2026-04-04 12:31:02.168721
358,8,8,0,2026-04-04 12:31:02.168721
359,8,9,2,2026-04-04 12:31:02.168721
360,8,10,4,2026-04-04 12:31:02.168721
361,8,11,1,2026-04-04 12:31:02.168721
362,8,12,0,2026-04-04 12:31:02.168721
363,8,13,0,2026-04-04 12:31:02.168721
365,8,15,1,2026-04-04 12:31:02.168721
366,8,16,3,2026-04-04 12:31:02.168721
367,8,17,1,2026-04-04 12:31:02.168721
368,8,18,2,2026-04-04 12:31:02.168721
369,8,19,3,2026-04-04 12:31:02.168721
370,8,20,0,2026-04-04 12:31:02.168721
371,8,21,4,2026-04-04 12:31:02.168721
372,8,22,2,2026-04-04 12:31:02.168721
373,8,23,1,2026-04-04 12:31:02.168721
374,8,24,0,2026-04-04 12:31:02.168721
375,8,25,0,2026-04-04 12:31:02.168721
376,8,26,0,2026-04-04 12:31:02.168721
377,8,27,1,2026-04-04 12:31:02.168721
378,8,28,1,2026-04-04 12:31:02.168721
379,8,29,4,2026-04-04 12:31:02.168721
380,8,30,2,2026-04-04 12:31:02.168721
381,8,31,0,2026-04-04 12:31:02.168721
382,8,32,2,2026-04-04 12:31:02.168721
383,8,33,1,2026-04-04 12:31:02.168721
384,8,34,3,2026-04-04 12:31:02.168721
385,8,35,0,2026-04-04 12:31:02.168721
386,8,36,0,2026-04-04 12:31:02.168721
387,8,37,4,2026-04-04 12:31:02.168721
388,8,38,3,2026-04-04 12:31:02.168721
389,8,39,4,2026-04-04 12:31:02.168721
390,8,40,1,2026-04-04 12:31:02.168721
391,8,41,0,2026-04-04 12:31:02.168721
392,8,42,4,2026-04-04 12:31:02.168721
394,8,44,4,2026-04-04 12:31:02.168721
395,8,45,4,2026-04-04 12:31:02.168721
396,8,46,2,2026-04-04 12:31:02.168721
397,8,47,0,2026-04-04 12:31:02.168721
398,8,48,2,2026-04-04 12:31:02.168721
399,8,49,4,2026-04-04 12:31:02.168721
400,8,50,4,2026-04-04 12:31:02.168721
401,9,1,2,2026-04-04 12:31:02.168721
402,9,2,0,2026-04-04 12:31:02.168721
403,9,3,0,2026-04-04 12:31:02.168721
404,9,4,2,2026-04-04 12:31:02.168721
405,9,5,3,2026-04-04 12:31:02.168721
406,9,6,0,2026-04-04 12:31:02.168721
407,9,7,3,2026-04-04 12:31:02.168721
408,9,8,4,2026-04-04 12:31:02.168721
409,9,9,2,2026-04-04 12:31:02.168721
410,9,10,0,2026-04-04 12:31:02.168721
411,9,11,0,2026-04-04 12:31:02.168721
412,9,12,3,2026-04-04 12:31:02.168721
413,9,13,1,2026-04-04 12:31:02.168721
415,9,15,3,2026-04-04 12:31:02.168721
416,9,16,1,2026-04-04 12:31:02.168721
417,9,17,1,2026-04-04 12:31:02.168721
418,9,18,4,2026-04-04 12:31:02.168721
419,9,19,1,2026-04-04 12:31:02.168721
420,9,20,1,2026-04-04 12:31:02.168721
421,9,21,2,2026-04-04 12:31:02.168721
422,9,22,1,2026-04-04 12:31:02.168721
423,9,23,4,2026-04-04 12:31:02.168721
424,9,24,1,2026-04-04 12:31:02.168721
425,9,25,0,2026-04-04 12:31:02.168721
426,9,26,0,2026-04-04 12:31:02.168721
427,9,27,0,2026-04-04 12:31:02.168721
428,9,28,0,2026-04-04 12:31:02.168721
429,9,29,3,2026-04-04 12:31:02.168721
430,9,30,0,2026-04-04 12:31:02.168721
431,9,31,1,2026-04-04 12:31:02.168721
432,9,32,1,2026-04-04 12:31:02.168721
433,9,33,1,2026-04-04 12:31:02.168721
434,9,34,1,2026-04-04 12:31:02.168721
435,9,35,3,2026-04-04 12:31:02.168721
436,9,36,2,2026-04-04 12:31:02.168721
437,9,37,1,2026-04-04 12:31:02.168721
438,9,38,1,2026-04-04 12:31:02.168721
439,9,39,3,2026-04-04 12:31:02.168721
440,9,40,0,2026-04-04 12:31:02.168721
441,9,41,2,2026-04-04 12:31:02.168721
442,9,42,4,2026-04-04 12:31:02.168721
443,9,43,1,2026-04-04 12:31:02.168721
444,9,44,0,2026-04-04 12:31:02.168721
445,9,45,0,2026-04-04 12:31:02.168721
446,9,46,4,2026-04-04 12:31:02.168721
447,9,47,2,2026-04-04 12:31:02.168721
448,9,48,1,2026-04-04 12:31:02.168721
449,9,49,1,2026-04-04 12:31:02.168721
450,9,50,2,2026-04-04 12:31:02.168721
451,10,1,0,2026-04-04 12:31:02.168721
452,10,2,0,2026-04-04 12:31:02.168721
453,10,3,0,2026-04-04 12:31:02.168721
454,10,4,1,2026-04-04 12:31:02.168721
455,10,5,0,2026-04-04 12:31:02.168721
456,10,6,2,2026-04-04 12:31:02.168721
457,10,7,3,2026-04-04 12:31:02.168721
458,10,8,4,2026-04-04 12:31:02.168721
459,10,9,2,2026-04-04 12:31:02.168721
460,10,10,2,2026-04-04 12:31:02.168721
461,10,11,3,2026-04-04 12:31:02.168721
462,10,12,3,2026-04-04 12:31:02.168721
463,10,13,2,2026-04-04 12:31:02.168721
465,10,15,2,2026-04-04 12:31:02.168721
466,10,16,1,2026-04-04 12:31:02.168721
468,10,18,3,2026-04-04 12:31:02.168721
469,10,19,1,2026-04-04 12:31:02.168721
470,10,20,2,2026-04-04 12:31:02.168721
471,10,21,2,2026-04-04 12:31:02.168721
467,10,17,0,2026-04-04 12:31:02.168721
472,10,22,1,2026-04-04 12:31:02.168721
473,10,23,1,2026-04-04 12:31:02.168721
474,10,24,2,2026-04-04 12:31:02.168721
475,10,25,1,2026-04-04 12:31:02.168721
476,10,26,2,2026-04-04 12:31:02.168721
477,10,27,1,2026-04-04 12:31:02.168721
478,10,28,2,2026-04-04 12:31:02.168721
479,10,29,4,2026-04-04 12:31:02.168721
480,10,30,3,2026-04-04 12:31:02.168721
481,10,31,4,2026-04-04 12:31:02.168721
482,10,32,4,2026-04-04 12:31:02.168721
483,10,33,2,2026-04-04 12:31:02.168721
484,10,34,1,2026-04-04 12:31:02.168721
485,10,35,3,2026-04-04 12:31:02.168721
486,10,36,4,2026-04-04 12:31:02.168721
487,10,37,0,2026-04-04 12:31:02.168721
488,10,38,1,2026-04-04 12:31:02.168721
489,10,39,3,2026-04-04 12:31:02.168721
490,10,40,0,2026-04-04 12:31:02.168721
491,10,41,3,2026-04-04 12:31:02.168721
492,10,42,2,2026-04-04 12:31:02.168721
493,10,43,2,2026-04-04 12:31:02.168721
494,10,44,0,2026-04-04 12:31:02.168721
495,10,45,3,2026-04-04 12:31:02.168721
496,10,46,2,2026-04-04 12:31:02.168721
497,10,47,4,2026-04-04 12:31:02.168721
498,10,48,1,2026-04-04 12:31:02.168721
499,10,49,2,2026-04-04 12:31:02.168721
501,11,1,0,2026-04-04 12:31:02.168721
502,11,2,0,2026-04-04 12:31:02.168721
503,11,3,2,2026-04-04 12:31:02.168721
504,11,4,3,2026-04-04 12:31:02.168721
505,11,5,4,2026-04-04 12:31:02.168721
506,11,6,2,2026-04-04 12:31:02.168721
507,11,7,3,2026-04-04 12:31:02.168721
508,11,8,1,2026-04-04 12:31:02.168721
509,11,9,4,2026-04-04 12:31:02.168721
510,11,10,4,2026-04-04 12:31:02.168721
511,11,11,1,2026-04-04 12:31:02.168721
512,11,12,1,2026-04-04 12:31:02.168721
513,11,13,1,2026-04-04 12:31:02.168721
515,11,15,4,2026-04-04 12:31:02.168721
516,11,16,4,2026-04-04 12:31:02.168721
517,11,17,2,2026-04-04 12:31:02.168721
518,11,18,1,2026-04-04 12:31:02.168721
519,11,19,1,2026-04-04 12:31:02.168721
520,11,20,0,2026-04-04 12:31:02.168721
521,11,21,1,2026-04-04 12:31:02.168721
522,11,22,4,2026-04-04 12:31:02.168721
523,11,23,3,2026-04-04 12:31:02.168721
524,11,24,0,2026-04-04 12:31:02.168721
525,11,25,3,2026-04-04 12:31:02.168721
526,11,26,4,2026-04-04 12:31:02.168721
527,11,27,3,2026-04-04 12:31:02.168721
528,11,28,4,2026-04-04 12:31:02.168721
529,11,29,4,2026-04-04 12:31:02.168721
530,11,30,4,2026-04-04 12:31:02.168721
531,11,31,1,2026-04-04 12:31:02.168721
532,11,32,1,2026-04-04 12:31:02.168721
533,11,33,1,2026-04-04 12:31:02.168721
534,11,34,3,2026-04-04 12:31:02.168721
535,11,35,3,2026-04-04 12:31:02.168721
536,11,36,4,2026-04-04 12:31:02.168721
537,11,37,0,2026-04-04 12:31:02.168721
538,11,38,4,2026-04-04 12:31:02.168721
539,11,39,3,2026-04-04 12:31:02.168721
540,11,40,2,2026-04-04 12:31:02.168721
541,11,41,0,2026-04-04 12:31:02.168721
542,11,42,1,2026-04-04 12:31:02.168721
543,11,43,1,2026-04-04 12:31:02.168721
544,11,44,3,2026-04-04 12:31:02.168721
545,11,45,4,2026-04-04 12:31:02.168721
546,11,46,4,2026-04-04 12:31:02.168721
547,11,47,3,2026-04-04 12:31:02.168721
548,11,48,3,2026-04-04 12:31:02.168721
549,11,49,4,2026-04-04 12:31:02.168721
550,11,50,0,2026-04-04 12:31:02.168721
551,12,1,0,2026-04-04 12:31:02.168721
552,12,2,3,2026-04-04 12:31:02.168721
553,12,3,3,2026-04-04 12:31:02.168721
554,12,4,2,2026-04-04 12:31:02.168721
555,12,5,0,2026-04-04 12:31:02.168721
556,12,6,2,2026-04-04 12:31:02.168721
557,12,7,1,2026-04-04 12:31:02.168721
558,12,8,4,2026-04-04 12:31:02.168721
559,12,9,3,2026-04-04 12:31:02.168721
560,12,10,3,2026-04-04 12:31:02.168721
561,12,11,1,2026-04-04 12:31:02.168721
562,12,12,2,2026-04-04 12:31:02.168721
563,12,13,1,2026-04-04 12:31:02.168721
565,12,15,0,2026-04-04 12:31:02.168721
566,12,16,0,2026-04-04 12:31:02.168721
567,12,17,3,2026-04-04 12:31:02.168721
569,12,19,1,2026-04-04 12:31:02.168721
570,12,20,2,2026-04-04 12:31:02.168721
571,12,21,4,2026-04-04 12:31:02.168721
572,12,22,1,2026-04-04 12:31:02.168721
573,12,23,0,2026-04-04 12:31:02.168721
574,12,24,1,2026-04-04 12:31:02.168721
575,12,25,2,2026-04-04 12:31:02.168721
576,12,26,3,2026-04-04 12:31:02.168721
577,12,27,2,2026-04-04 12:31:02.168721
578,12,28,1,2026-04-04 12:31:02.168721
579,12,29,2,2026-04-04 12:31:02.168721
580,12,30,3,2026-04-04 12:31:02.168721
581,12,31,4,2026-04-04 12:31:02.168721
582,12,32,0,2026-04-04 12:31:02.168721
583,12,33,4,2026-04-04 12:31:02.168721
584,12,34,1,2026-04-04 12:31:02.168721
585,12,35,2,2026-04-04 12:31:02.168721
586,12,36,0,2026-04-04 12:31:02.168721
587,12,37,2,2026-04-04 12:31:02.168721
588,12,38,2,2026-04-04 12:31:02.168721
589,12,39,3,2026-04-04 12:31:02.168721
590,12,40,0,2026-04-04 12:31:02.168721
591,12,41,1,2026-04-04 12:31:02.168721
592,12,42,2,2026-04-04 12:31:02.168721
593,12,43,1,2026-04-04 12:31:02.168721
594,12,44,3,2026-04-04 12:31:02.168721
595,12,45,3,2026-04-04 12:31:02.168721
596,12,46,4,2026-04-04 12:31:02.168721
597,12,47,0,2026-04-04 12:31:02.168721
598,12,48,4,2026-04-04 12:31:02.168721
599,12,49,2,2026-04-04 12:31:02.168721
600,12,50,1,2026-04-04 12:31:02.168721
601,13,1,1,2026-04-04 12:31:02.168721
602,13,2,3,2026-04-04 12:31:02.168721
603,13,3,1,2026-04-04 12:31:02.168721
604,13,4,1,2026-04-04 12:31:02.168721
605,13,5,3,2026-04-04 12:31:02.168721
606,13,6,4,2026-04-04 12:31:02.168721
607,13,7,4,2026-04-04 12:31:02.168721
608,13,8,4,2026-04-04 12:31:02.168721
609,13,9,0,2026-04-04 12:31:02.168721
610,13,10,2,2026-04-04 12:31:02.168721
611,13,11,2,2026-04-04 12:31:02.168721
612,13,12,0,2026-04-04 12:31:02.168721
613,13,13,4,2026-04-04 12:31:02.168721
614,13,14,1,2026-04-04 12:31:02.168721
615,13,15,1,2026-04-04 12:31:02.168721
616,13,16,3,2026-04-04 12:31:02.168721
617,13,17,3,2026-04-04 12:31:02.168721
619,13,19,2,2026-04-04 12:31:02.168721
620,13,20,1,2026-04-04 12:31:02.168721
621,13,21,2,2026-04-04 12:31:02.168721
622,13,22,2,2026-04-04 12:31:02.168721
623,13,23,4,2026-04-04 12:31:02.168721
624,13,24,2,2026-04-04 12:31:02.168721
625,13,25,3,2026-04-04 12:31:02.168721
626,13,26,0,2026-04-04 12:31:02.168721
627,13,27,1,2026-04-04 12:31:02.168721
628,13,28,1,2026-04-04 12:31:02.168721
500,10,50,1,2026-04-04 12:31:02.168721
629,13,29,0,2026-04-04 12:31:02.168721
630,13,30,3,2026-04-04 12:31:02.168721
631,13,31,1,2026-04-04 12:31:02.168721
632,13,32,3,2026-04-04 12:31:02.168721
633,13,33,1,2026-04-04 12:31:02.168721
634,13,34,4,2026-04-04 12:31:02.168721
635,13,35,3,2026-04-04 12:31:02.168721
636,13,36,1,2026-04-04 12:31:02.168721
637,13,37,1,2026-04-04 12:31:02.168721
638,13,38,0,2026-04-04 12:31:02.168721
639,13,39,4,2026-04-04 12:31:02.168721
640,13,40,2,2026-04-04 12:31:02.168721
641,13,41,1,2026-04-04 12:31:02.168721
642,13,42,3,2026-04-04 12:31:02.168721
644,13,44,3,2026-04-04 12:31:02.168721
645,13,45,0,2026-04-04 12:31:02.168721
646,13,46,4,2026-04-04 12:31:02.168721
647,13,47,2,2026-04-04 12:31:02.168721
648,13,48,1,2026-04-04 12:31:02.168721
649,13,49,3,2026-04-04 12:31:02.168721
650,13,50,0,2026-04-04 12:31:02.168721
651,14,1,4,2026-04-04 12:31:02.168721
652,14,2,3,2026-04-04 12:31:02.168721
653,14,3,3,2026-04-04 12:31:02.168721
654,14,4,0,2026-04-04 12:31:02.168721
655,14,5,1,2026-04-04 12:31:02.168721
656,14,6,0,2026-04-04 12:31:02.168721
657,14,7,1,2026-04-04 12:31:02.168721
658,14,8,1,2026-04-04 12:31:02.168721
659,14,9,2,2026-04-04 12:31:02.168721
660,14,10,4,2026-04-04 12:31:02.168721
661,14,11,0,2026-04-04 12:31:02.168721
662,14,12,0,2026-04-04 12:31:02.168721
663,14,13,3,2026-04-04 12:31:02.168721
664,14,14,1,2026-04-04 12:31:02.168721
665,14,15,3,2026-04-04 12:31:02.168721
666,14,16,2,2026-04-04 12:31:02.168721
667,14,17,1,2026-04-04 12:31:02.168721
669,14,19,3,2026-04-04 12:31:02.168721
670,14,20,3,2026-04-04 12:31:02.168721
671,14,21,3,2026-04-04 12:31:02.168721
672,14,22,2,2026-04-04 12:31:02.168721
673,14,23,1,2026-04-04 12:31:02.168721
674,14,24,4,2026-04-04 12:31:02.168721
675,14,25,1,2026-04-04 12:31:02.168721
676,14,26,0,2026-04-04 12:31:02.168721
677,14,27,2,2026-04-04 12:31:02.168721
678,14,28,3,2026-04-04 12:31:02.168721
679,14,29,4,2026-04-04 12:31:02.168721
680,14,30,3,2026-04-04 12:31:02.168721
681,14,31,1,2026-04-04 12:31:02.168721
682,14,32,1,2026-04-04 12:31:02.168721
683,14,33,0,2026-04-04 12:31:02.168721
684,14,34,1,2026-04-04 12:31:02.168721
685,14,35,4,2026-04-04 12:31:02.168721
686,14,36,1,2026-04-04 12:31:02.168721
687,14,37,0,2026-04-04 12:31:02.168721
688,14,38,1,2026-04-04 12:31:02.168721
689,14,39,1,2026-04-04 12:31:02.168721
690,14,40,3,2026-04-04 12:31:02.168721
691,14,41,1,2026-04-04 12:31:02.168721
692,14,42,1,2026-04-04 12:31:02.168721
694,14,44,1,2026-04-04 12:31:02.168721
695,14,45,2,2026-04-04 12:31:02.168721
696,14,46,2,2026-04-04 12:31:02.168721
697,14,47,2,2026-04-04 12:31:02.168721
698,14,48,2,2026-04-04 12:31:02.168721
699,14,49,1,2026-04-04 12:31:02.168721
700,14,50,3,2026-04-04 12:31:02.168721
701,15,1,2,2026-04-04 12:31:02.168721
702,15,2,1,2026-04-04 12:31:02.168721
703,15,3,0,2026-04-04 12:31:02.168721
704,15,4,0,2026-04-04 12:31:02.168721
705,15,5,4,2026-04-04 12:31:02.168721
706,15,6,0,2026-04-04 12:31:02.168721
707,15,7,4,2026-04-04 12:31:02.168721
708,15,8,0,2026-04-04 12:31:02.168721
709,15,9,0,2026-04-04 12:31:02.168721
710,15,10,2,2026-04-04 12:31:02.168721
711,15,11,2,2026-04-04 12:31:02.168721
712,15,12,3,2026-04-04 12:31:02.168721
713,15,13,0,2026-04-04 12:31:02.168721
715,15,15,0,2026-04-04 12:31:02.168721
716,15,16,1,2026-04-04 12:31:02.168721
717,15,17,2,2026-04-04 12:31:02.168721
718,15,18,1,2026-04-04 12:31:02.168721
719,15,19,4,2026-04-04 12:31:02.168721
720,15,20,3,2026-04-04 12:31:02.168721
721,15,21,2,2026-04-04 12:31:02.168721
722,15,22,0,2026-04-04 12:31:02.168721
723,15,23,0,2026-04-04 12:31:02.168721
724,15,24,3,2026-04-04 12:31:02.168721
725,15,25,0,2026-04-04 12:31:02.168721
726,15,26,3,2026-04-04 12:31:02.168721
727,15,27,0,2026-04-04 12:31:02.168721
728,15,28,0,2026-04-04 12:31:02.168721
729,15,29,2,2026-04-04 12:31:02.168721
730,15,30,3,2026-04-04 12:31:02.168721
731,15,31,2,2026-04-04 12:31:02.168721
732,15,32,3,2026-04-04 12:31:02.168721
733,15,33,3,2026-04-04 12:31:02.168721
734,15,34,1,2026-04-04 12:31:02.168721
735,15,35,0,2026-04-04 12:31:02.168721
736,15,36,2,2026-04-04 12:31:02.168721
737,15,37,1,2026-04-04 12:31:02.168721
738,15,38,4,2026-04-04 12:31:02.168721
739,15,39,0,2026-04-04 12:31:02.168721
740,15,40,3,2026-04-04 12:31:02.168721
741,15,41,1,2026-04-04 12:31:02.168721
742,15,42,2,2026-04-04 12:31:02.168721
743,15,43,1,2026-04-04 12:31:02.168721
744,15,44,3,2026-04-04 12:31:02.168721
745,15,45,4,2026-04-04 12:31:02.168721
746,15,46,4,2026-04-04 12:31:02.168721
747,15,47,1,2026-04-04 12:31:02.168721
748,15,48,4,2026-04-04 12:31:02.168721
749,15,49,4,2026-04-04 12:31:02.168721
750,15,50,2,2026-04-04 12:31:02.168721
751,16,1,4,2026-04-04 12:31:02.168721
752,16,2,0,2026-04-04 12:31:02.168721
753,16,3,2,2026-04-04 12:31:02.168721
754,16,4,1,2026-04-04 12:31:02.168721
755,16,5,1,2026-04-04 12:31:02.168721
756,16,6,0,2026-04-04 12:31:02.168721
757,16,7,2,2026-04-04 12:31:02.168721
758,16,8,3,2026-04-04 12:31:02.168721
759,16,9,3,2026-04-04 12:31:02.168721
760,16,10,0,2026-04-04 12:31:02.168721
761,16,11,4,2026-04-04 12:31:02.168721
762,16,12,3,2026-04-04 12:31:02.168721
763,16,13,2,2026-04-04 12:31:02.168721
764,16,14,2,2026-04-04 12:31:02.168721
765,16,15,2,2026-04-04 12:31:02.168721
766,16,16,1,2026-04-04 12:31:02.168721
767,16,17,2,2026-04-04 12:31:02.168721
768,16,18,2,2026-04-04 12:31:02.168721
769,16,19,4,2026-04-04 12:31:02.168721
770,16,20,2,2026-04-04 12:31:02.168721
771,16,21,3,2026-04-04 12:31:02.168721
772,16,22,3,2026-04-04 12:31:02.168721
773,16,23,2,2026-04-04 12:31:02.168721
774,16,24,1,2026-04-04 12:31:02.168721
775,16,25,3,2026-04-04 12:31:02.168721
776,16,26,4,2026-04-04 12:31:02.168721
777,16,27,4,2026-04-04 12:31:02.168721
778,16,28,2,2026-04-04 12:31:02.168721
779,16,29,1,2026-04-04 12:31:02.168721
780,16,30,0,2026-04-04 12:31:02.168721
781,16,31,2,2026-04-04 12:31:02.168721
782,16,32,4,2026-04-04 12:31:02.168721
783,16,33,0,2026-04-04 12:31:02.168721
784,16,34,3,2026-04-04 12:31:02.168721
785,16,35,4,2026-04-04 12:31:02.168721
668,14,18,2,2026-04-04 12:31:02.168721
786,16,36,0,2026-04-04 12:31:02.168721
787,16,37,3,2026-04-04 12:31:02.168721
788,16,38,2,2026-04-04 12:31:02.168721
789,16,39,1,2026-04-04 12:31:02.168721
790,16,40,1,2026-04-04 12:31:02.168721
791,16,41,4,2026-04-04 12:31:02.168721
792,16,42,4,2026-04-04 12:31:02.168721
794,16,44,4,2026-04-04 12:31:02.168721
795,16,45,1,2026-04-04 12:31:02.168721
796,16,46,0,2026-04-04 12:31:02.168721
797,16,47,1,2026-04-04 12:31:02.168721
798,16,48,3,2026-04-04 12:31:02.168721
799,16,49,0,2026-04-04 12:31:02.168721
800,16,50,2,2026-04-04 12:31:02.168721
801,17,1,3,2026-04-04 12:31:02.168721
802,17,2,4,2026-04-04 12:31:02.168721
803,17,3,2,2026-04-04 12:31:02.168721
804,17,4,3,2026-04-04 12:31:02.168721
805,17,5,3,2026-04-04 12:31:02.168721
806,17,6,1,2026-04-04 12:31:02.168721
807,17,7,1,2026-04-04 12:31:02.168721
808,17,8,3,2026-04-04 12:31:02.168721
809,17,9,3,2026-04-04 12:31:02.168721
810,17,10,4,2026-04-04 12:31:02.168721
811,17,11,3,2026-04-04 12:31:02.168721
812,17,12,0,2026-04-04 12:31:02.168721
813,17,13,4,2026-04-04 12:31:02.168721
814,17,14,2,2026-04-04 12:31:02.168721
815,17,15,4,2026-04-04 12:31:02.168721
816,17,16,2,2026-04-04 12:31:02.168721
817,17,17,2,2026-04-04 12:31:02.168721
818,17,18,4,2026-04-04 12:31:02.168721
819,17,19,0,2026-04-04 12:31:02.168721
820,17,20,2,2026-04-04 12:31:02.168721
821,17,21,2,2026-04-04 12:31:02.168721
822,17,22,4,2026-04-04 12:31:02.168721
823,17,23,4,2026-04-04 12:31:02.168721
824,17,24,4,2026-04-04 12:31:02.168721
825,17,25,1,2026-04-04 12:31:02.168721
826,17,26,1,2026-04-04 12:31:02.168721
827,17,27,0,2026-04-04 12:31:02.168721
828,17,28,4,2026-04-04 12:31:02.168721
829,17,29,1,2026-04-04 12:31:02.168721
830,17,30,4,2026-04-04 12:31:02.168721
831,17,31,4,2026-04-04 12:31:02.168721
832,17,32,0,2026-04-04 12:31:02.168721
833,17,33,4,2026-04-04 12:31:02.168721
834,17,34,4,2026-04-04 12:31:02.168721
835,17,35,4,2026-04-04 12:31:02.168721
836,17,36,0,2026-04-04 12:31:02.168721
837,17,37,0,2026-04-04 12:31:02.168721
838,17,38,1,2026-04-04 12:31:02.168721
839,17,39,3,2026-04-04 12:31:02.168721
840,17,40,1,2026-04-04 12:31:02.168721
841,17,41,0,2026-04-04 12:31:02.168721
842,17,42,0,2026-04-04 12:31:02.168721
843,17,43,0,2026-04-04 12:31:02.168721
844,17,44,3,2026-04-04 12:31:02.168721
845,17,45,2,2026-04-04 12:31:02.168721
846,17,46,4,2026-04-04 12:31:02.168721
847,17,47,2,2026-04-04 12:31:02.168721
848,17,48,4,2026-04-04 12:31:02.168721
849,17,49,4,2026-04-04 12:31:02.168721
850,17,50,0,2026-04-04 12:31:02.168721
851,18,1,4,2026-04-04 12:31:02.168721
852,18,2,3,2026-04-04 12:31:02.168721
853,18,3,1,2026-04-04 12:31:02.168721
854,18,4,3,2026-04-04 12:31:02.168721
855,18,5,0,2026-04-04 12:31:02.168721
856,18,6,4,2026-04-04 12:31:02.168721
857,18,7,1,2026-04-04 12:31:02.168721
858,18,8,3,2026-04-04 12:31:02.168721
859,18,9,3,2026-04-04 12:31:02.168721
860,18,10,1,2026-04-04 12:31:02.168721
861,18,11,3,2026-04-04 12:31:02.168721
862,18,12,1,2026-04-04 12:31:02.168721
863,18,13,4,2026-04-04 12:31:02.168721
864,18,14,0,2026-04-04 12:31:02.168721
865,18,15,0,2026-04-04 12:31:02.168721
866,18,16,2,2026-04-04 12:31:02.168721
867,18,17,0,2026-04-04 12:31:02.168721
868,18,18,2,2026-04-04 12:31:02.168721
869,18,19,2,2026-04-04 12:31:02.168721
870,18,20,1,2026-04-04 12:31:02.168721
871,18,21,2,2026-04-04 12:31:02.168721
872,18,22,2,2026-04-04 12:31:02.168721
873,18,23,0,2026-04-04 12:31:02.168721
874,18,24,1,2026-04-04 12:31:02.168721
875,18,25,3,2026-04-04 12:31:02.168721
876,18,26,0,2026-04-04 12:31:02.168721
877,18,27,2,2026-04-04 12:31:02.168721
878,18,28,4,2026-04-04 12:31:02.168721
879,18,29,1,2026-04-04 12:31:02.168721
880,18,30,2,2026-04-04 12:31:02.168721
881,18,31,2,2026-04-04 12:31:02.168721
882,18,32,2,2026-04-04 12:31:02.168721
883,18,33,4,2026-04-04 12:31:02.168721
884,18,34,3,2026-04-04 12:31:02.168721
885,18,35,3,2026-04-04 12:31:02.168721
886,18,36,4,2026-04-04 12:31:02.168721
888,18,38,0,2026-04-04 12:31:02.168721
889,18,39,1,2026-04-04 12:31:02.168721
890,18,40,2,2026-04-04 12:31:02.168721
891,18,41,1,2026-04-04 12:31:02.168721
892,18,42,3,2026-04-04 12:31:02.168721
894,18,44,3,2026-04-04 12:31:02.168721
895,18,45,2,2026-04-04 12:31:02.168721
896,18,46,1,2026-04-04 12:31:02.168721
897,18,47,2,2026-04-04 12:31:02.168721
898,18,48,3,2026-04-04 12:31:02.168721
899,18,49,0,2026-04-04 12:31:02.168721
900,18,50,3,2026-04-04 12:31:02.168721
901,19,1,2,2026-04-04 12:31:02.168721
902,19,2,4,2026-04-04 12:31:02.168721
903,19,3,0,2026-04-04 12:31:02.168721
904,19,4,3,2026-04-04 12:31:02.168721
905,19,5,4,2026-04-04 12:31:02.168721
906,19,6,0,2026-04-04 12:31:02.168721
907,19,7,3,2026-04-04 12:31:02.168721
908,19,8,1,2026-04-04 12:31:02.168721
909,19,9,1,2026-04-04 12:31:02.168721
910,19,10,1,2026-04-04 12:31:02.168721
911,19,11,1,2026-04-04 12:31:02.168721
912,19,12,2,2026-04-04 12:31:02.168721
913,19,13,0,2026-04-04 12:31:02.168721
915,19,15,4,2026-04-04 12:31:02.168721
916,19,16,3,2026-04-04 12:31:02.168721
917,19,17,1,2026-04-04 12:31:02.168721
918,19,18,0,2026-04-04 12:31:02.168721
919,19,19,1,2026-04-04 12:31:02.168721
920,19,20,1,2026-04-04 12:31:02.168721
921,19,21,3,2026-04-04 12:31:02.168721
922,19,22,4,2026-04-04 12:31:02.168721
923,19,23,3,2026-04-04 12:31:02.168721
924,19,24,3,2026-04-04 12:31:02.168721
925,19,25,2,2026-04-04 12:31:02.168721
926,19,26,4,2026-04-04 12:31:02.168721
927,19,27,3,2026-04-04 12:31:02.168721
928,19,28,3,2026-04-04 12:31:02.168721
929,19,29,1,2026-04-04 12:31:02.168721
930,19,30,2,2026-04-04 12:31:02.168721
931,19,31,2,2026-04-04 12:31:02.168721
932,19,32,2,2026-04-04 12:31:02.168721
933,19,33,2,2026-04-04 12:31:02.168721
934,19,34,4,2026-04-04 12:31:02.168721
935,19,35,4,2026-04-04 12:31:02.168721
936,19,36,0,2026-04-04 12:31:02.168721
937,19,37,0,2026-04-04 12:31:02.168721
938,19,38,0,2026-04-04 12:31:02.168721
939,19,39,0,2026-04-04 12:31:02.168721
940,19,40,2,2026-04-04 12:31:02.168721
941,19,41,2,2026-04-04 12:31:02.168721
942,19,42,1,2026-04-04 12:31:02.168721
887,18,37,0,2026-04-04 12:31:02.168721
943,19,43,2,2026-04-04 12:31:02.168721
944,19,44,4,2026-04-04 12:31:02.168721
945,19,45,3,2026-04-04 12:31:02.168721
946,19,46,2,2026-04-04 12:31:02.168721
947,19,47,3,2026-04-04 12:31:02.168721
948,19,48,3,2026-04-04 12:31:02.168721
949,19,49,4,2026-04-04 12:31:02.168721
950,19,50,1,2026-04-04 12:31:02.168721
951,20,1,4,2026-04-04 12:31:02.168721
952,20,2,3,2026-04-04 12:31:02.168721
953,20,3,3,2026-04-04 12:31:02.168721
954,20,4,4,2026-04-04 12:31:02.168721
955,20,5,2,2026-04-04 12:31:02.168721
956,20,6,4,2026-04-04 12:31:02.168721
957,20,7,4,2026-04-04 12:31:02.168721
958,20,8,0,2026-04-04 12:31:02.168721
959,20,9,0,2026-04-04 12:31:02.168721
960,20,10,1,2026-04-04 12:31:02.168721
961,20,11,2,2026-04-04 12:31:02.168721
962,20,12,3,2026-04-04 12:31:02.168721
963,20,13,0,2026-04-04 12:31:02.168721
964,20,14,1,2026-04-04 12:31:02.168721
965,20,15,1,2026-04-04 12:31:02.168721
966,20,16,1,2026-04-04 12:31:02.168721
968,20,18,1,2026-04-04 12:31:02.168721
969,20,19,0,2026-04-04 12:31:02.168721
970,20,20,4,2026-04-04 12:31:02.168721
971,20,21,3,2026-04-04 12:31:02.168721
972,20,22,1,2026-04-04 12:31:02.168721
973,20,23,0,2026-04-04 12:31:02.168721
974,20,24,0,2026-04-04 12:31:02.168721
975,20,25,0,2026-04-04 12:31:02.168721
976,20,26,4,2026-04-04 12:31:02.168721
977,20,27,2,2026-04-04 12:31:02.168721
978,20,28,2,2026-04-04 12:31:02.168721
979,20,29,4,2026-04-04 12:31:02.168721
980,20,30,4,2026-04-04 12:31:02.168721
981,20,31,3,2026-04-04 12:31:02.168721
982,20,32,2,2026-04-04 12:31:02.168721
983,20,33,0,2026-04-04 12:31:02.168721
984,20,34,2,2026-04-04 12:31:02.168721
985,20,35,3,2026-04-04 12:31:02.168721
986,20,36,0,2026-04-04 12:31:02.168721
988,20,38,4,2026-04-04 12:31:02.168721
989,20,39,2,2026-04-04 12:31:02.168721
990,20,40,2,2026-04-04 12:31:02.168721
991,20,41,2,2026-04-04 12:31:02.168721
992,20,42,3,2026-04-04 12:31:02.168721
993,20,43,0,2026-04-04 12:31:02.168721
994,20,44,4,2026-04-04 12:31:02.168721
995,20,45,1,2026-04-04 12:31:02.168721
996,20,46,3,2026-04-04 12:31:02.168721
997,20,47,0,2026-04-04 12:31:02.168721
998,20,48,4,2026-04-04 12:31:02.168721
999,20,49,4,2026-04-04 12:31:02.168721
1000,20,50,1,2026-04-04 12:31:02.168721
37,1,37,2,2026-04-04 12:31:02.168721
43,1,43,0,2026-04-04 12:31:02.168721
64,2,14,1,2026-04-04 12:31:02.168721
143,3,43,0,2026-04-04 12:31:02.168721
164,4,14,1,2026-04-04 12:31:02.168721
193,4,43,1,2026-04-04 12:31:02.168721
214,5,14,0,2026-04-04 12:31:02.168721
243,5,43,0,2026-04-04 12:31:02.168721
264,6,14,0,2026-04-04 12:31:02.168721
293,6,43,1,2026-04-04 12:31:02.168721
364,8,14,1,2026-04-04 12:31:02.168721
393,8,43,1,2026-04-04 12:31:02.168721
414,9,14,0,2026-04-04 12:31:02.168721
464,10,14,1,2026-04-04 12:31:02.168721
514,11,14,1,2026-04-04 12:31:02.168721
564,12,14,0,2026-04-04 12:31:02.168721
643,13,43,0,2026-04-04 12:31:02.168721
693,14,43,1,2026-04-04 12:31:02.168721
714,15,14,1,2026-04-04 12:31:02.168721
793,16,43,0,2026-04-04 12:31:02.168721
893,18,43,1,2026-04-04 12:31:02.168721
914,19,14,0,2026-04-04 12:31:02.168721
568,12,18,2,2026-04-04 12:31:02.168721
618,13,18,1,2026-04-04 12:31:02.168721
967,20,17,1,2026-04-04 12:31:02.168721
987,20,37,2,2026-04-04 12:31:02.168721
