return_id,sale_item_id,return_date,quantity,reason_id
1935,40347,2025-11-07 08:32:07.541770,1,5
1936,40496,2025-10-31 00:52:24.854172,1,5
1937,40093,2024-08-19 05:54:58.092921,1,1
1938,40244,2023-05-26 07:40:54.598335,1,1
1939,40550,2025-12-24 14:15:19.468436,1,2
1940,40527,2025-12-22 14:24:10.138141,1,4
1941,39800,2024-08-08 23:40:47.521736,1,3
1942,40351,2023-04-18 11:52:52.218657,1,4
1943,39827,2022-01-22 16:40:29.245147,1,3
1944,39581,2025-12-21 07:00:25.122172,1,4
1945,40505,2026-01-18 04:09:35.024241,1,4
1946,39966,2026-01-16 19:38:18.883660,1,4
1947,40198,2025-10-24 08:49:36.424454,1,2
1948,40116,2026-01-09 18:17:51.150825,1,3
1949,40542,2022-04-16 22:06:09.890271,1,1
1950,40188,2025-12-17 07:44:59.076018,1,1
1951,39794,2023-06-14 14:19:31.360700,1,4
1952,39586,2026-01-17 01:51:26.826245,1,2
1953,39692,2024-09-30 05:06:05.486404,1,5
1954,40434,2023-06-02 07:20:29.407351,1,1
1955,40019,2023-06-12 07:09:03.653468,1,2
1956,39820,2024-07-14 08:47:40.803912,1,3
1957,40307,2026-01-08 23:56:16.099239,1,5
1958,39821,2025-12-19 23:51:46.800269,1,5
1959,39748,2025-11-17 07:04:19.511757,1,2
1960,40412,2025-10-27 18:57:30.950211,1,1
1961,40165,2022-02-18 08:26:49.770328,1,1
1962,40295,2024-09-28 04:11:38.395307,1,2
1963,39626,2025-12-22 00:23:20.074160,1,1
1964,39833,2025-10-17 12:28:44.898529,1,1
1965,40451,2023-07-02 22:46:25.975124,1,5
1966,40451,2023-07-16 22:46:25.975124,1,2
1967,39892,2024-08-17 00:59:47.073345,1,4
1968,39798,2022-01-24 13:10:41.034943,1,2
1969,40345,2024-07-18 15:06:08.803072,1,3
1970,40086,2025-10-27 01:43:28.559825,1,2
1971,40471,2025-10-20 03:05:59.784055,1,1
1972,39754,2026-01-03 01:59:39.590669,1,1
1973,40212,2023-07-30 17:22:10.282058,1,4
1974,40346,2023-06-02 20:29:28.767742,1,1
1975,40071,2022-01-22 13:35:19.926680,1,3
1976,39915,2025-12-18 09:22:28.876860,1,3
1977,39681,2023-05-28 16:22:44.099149,1,4
1978,40148,2024-07-31 07:20:06.666504,1,2
1979,40550,2026-01-09 14:15:19.468436,1,3
1980,40120,2022-05-04 22:04:48.075232,1,2
1981,39616,2025-11-05 00:20:21.951365,1,5
1982,40080,2025-12-08 20:20:36.841828,1,1
1983,39715,2022-04-15 19:43:18.276681,1,4
1984,40064,2026-01-04 05:32:45.220553,1,2
1985,40146,2025-10-23 23:54:37.887581,1,4
1986,39974,2025-12-13 18:41:55.284321,1,2
1987,40499,2023-05-23 17:57:38.073469,1,4
1988,40489,2023-06-24 17:15:40.160298,1,2
1989,39990,2025-11-07 06:10:07.832718,1,2
1990,40235,2022-02-05 05:06:11.849001,1,2
1991,40467,2023-07-15 11:45:55.948254,1,3
1992,40130,2023-05-05 07:14:24.107711,1,1
1993,40082,2025-11-10 00:35:32.881197,1,1
1994,40112,2023-07-15 21:11:10.164050,1,4
1995,39763,2025-12-29 18:48:48.213021,1,1
1996,40093,2024-08-31 05:54:58.092921,1,4
1997,40446,2024-09-06 03:34:15.354167,1,3
1998,39961,2023-04-27 22:19:01.735497,1,2
1999,39965,2025-11-13 00:21:17.407073,1,4
2000,39883,2026-01-12 02:44:32.970652,1,4
2001,40265,2024-07-28 10:58:50.675790,1,2
2002,39940,2022-02-23 12:04:29.444802,1,5
2003,40333,2025-10-21 12:50:14.061445,1,4
2004,39977,2023-07-30 11:48:29.175719,1,4
2005,39813,2023-07-08 13:05:38.186520,1,1
2006,39977,2023-07-16 11:48:29.175719,1,3
2007,40511,2025-09-27 12:05:35.552164,1,2
2008,39608,2025-12-02 11:53:44.768827,1,4
2009,39872,2022-04-10 23:01:24.388011,1,4
2010,39605,2025-11-03 05:06:55.769334,1,2
2011,40505,2026-01-21 04:09:35.024241,1,4
2012,39819,2024-08-07 00:23:24.830996,1,2
2013,40506,2022-01-29 02:51:17.140573,1,4
2014,39693,2025-11-16 03:54:16.754569,1,3
2015,39872,2022-04-22 23:01:24.388011,1,5
2016,39734,2023-05-02 02:17:44.661775,1,4
2017,39853,2026-01-20 03:49:37.034378,1,5
2018,40720,2025-11-25 23:48:12.968258,1,1
2019,40908,2022-05-19 16:41:34.621443,1,5
2020,41201,2025-09-27 20:42:21.543010,1,3
2021,41778,2022-05-26 17:17:04.965518,1,3
2022,41628,2023-07-14 11:23:40.126299,1,2
2023,43373,2023-09-09 03:45:38.850454,1,3
2024,42158,2025-01-23 14:44:11.994257,1,4
2025,42129,2025-01-04 08:34:56.578431,1,4
2026,43095,2021-01-21 22:08:15.025371,1,1
2027,43349,2023-09-16 08:42:07.985200,1,2
2028,42243,2025-09-09 20:33:20.963660,1,2
2029,41940,2021-04-14 15:37:01.005099,1,3
2030,41467,2021-02-09 20:05:02.815154,1,5
2031,41679,2022-06-15 03:34:29.035143,1,3
2032,41831,2022-07-26 12:09:27.312333,1,5
2033,43432,2025-01-10 16:34:45.173576,1,4
2034,41043,2025-01-09 06:03:28.581968,1,4
2035,41543,2025-09-14 06:41:18.366382,1,5
2036,41594,2024-12-19 07:02:40.551790,1,4
2037,42493,2021-03-04 10:43:09.948453,1,2
2038,42854,2022-06-29 08:14:50.024146,1,3
2039,42761,2025-11-18 01:25:33.203394,1,4
2040,43264,2025-01-10 14:15:19.864174,1,5
2041,42217,2021-01-22 05:34:50.325456,1,5
2042,43038,2024-11-21 13:39:09.469831,1,5
2043,40964,2024-12-30 23:40:51.302153,1,1
2044,41105,2021-03-31 06:38:46.664643,1,4
2045,43135,2023-08-22 20:16:59.251901,1,2
2046,42807,2021-03-13 08:03:12.222888,1,1
2047,43056,2022-06-17 02:38:08.682152,1,2
2048,42536,2025-10-26 05:38:44.901610,1,1
2049,41435,2024-11-28 13:00:26.983257,1,3
2050,43370,2024-12-20 07:55:39.367509,1,1
2051,42418,2022-06-29 07:10:40.267426,1,2
2052,43489,2024-12-08 07:44:08.512344,1,1
2053,42942,2021-03-29 19:45:02.336038,1,4
2054,42151,2022-06-22 16:34:40.485454,1,4
2055,42915,2023-08-07 07:47:58.493926,1,1
2056,42346,2025-01-04 21:36:47.370053,1,3
2057,40603,2023-08-27 13:25:12.206762,1,4
2058,43271,2023-08-06 08:38:44.252187,1,4
2059,42557,2025-01-23 06:38:02.992177,1,2
2060,42271,2023-10-02 14:21:45.712696,1,2
2061,41156,2023-08-26 16:04:49.540517,1,5
2062,41586,2021-02-03 07:42:25.643350,1,3
2063,41138,2024-12-17 21:43:52.829310,1,2
2064,41206,2025-11-08 19:27:00.937948,1,5
2065,42590,2022-06-12 17:26:58.066104,1,1
2066,42253,2025-01-30 14:40:28.268367,1,2
2067,41462,2025-01-08 14:58:12.150200,1,4
2068,41758,2021-03-14 00:06:21.492206,1,3
2069,43388,2025-11-29 06:42:00.086067,1,2
2070,41916,2023-08-08 14:38:58.362405,1,3
2071,43451,2025-12-08 03:02:10.341803,1,1
2072,43233,2025-11-11 13:49:37.385914,1,5
2073,41630,2022-04-17 03:45:34.604709,1,2
2074,42344,2025-11-01 09:26:00.936197,1,2
2075,43307,2025-10-30 01:36:55.279784,1,1
2076,43296,2022-04-29 06:28:11.610886,1,3
2077,42541,2022-06-14 18:48:42.900427,1,1
2078,41584,2025-10-21 15:40:00.412349,1,1
2079,42205,2024-12-28 16:37:02.894405,1,1
2080,41310,2024-12-20 04:56:35.989130,1,3
2081,41158,2022-05-18 02:50:42.395294,1,4
2082,40816,2023-07-22 22:08:30.997482,1,1
2083,40806,2025-01-06 01:23:18.722293,1,1
2084,41734,2025-02-06 21:11:54.761927,1,3
2085,42017,2022-06-23 17:05:09.084894,1,2
2086,41607,2021-02-13 22:57:55.286842,1,2
2087,43377,2023-09-19 18:53:17.336563,1,2
2088,41806,2025-10-12 02:02:23.122977,1,4
2089,41650,2023-08-31 23:32:14.902972,1,3
2090,42871,2022-05-14 13:59:37.621268,1,2
2091,41691,2024-12-03 02:01:24.219082,1,2
2092,42604,2021-03-22 02:14:05.536422,1,2
2093,40661,2025-11-27 14:32:09.454333,1,5
2094,42463,2023-09-01 10:42:07.598816,1,2
2095,42544,2023-08-20 23:27:31.132261,1,5
2096,40926,2024-12-06 20:40:33.895154,1,3
2097,43355,2023-08-05 20:04:49.567982,1,3
2098,40777,2025-01-09 20:18:23.224711,1,1
2099,40974,2022-07-13 23:27:55.122134,1,4
2100,42313,2025-10-16 14:23:02.432971,1,5
2101,40938,2023-08-10 17:34:02.136883,1,1
2102,43404,2023-08-16 02:29:25.831656,1,2
2103,41630,2022-04-22 03:45:34.604709,1,5
2104,42839,2023-09-04 15:24:40.913373,1,4
2105,42134,2021-04-04 03:11:40.774691,1,2
2106,40822,2024-12-30 09:39:53.909284,1,5
2107,41209,2022-05-07 21:36:39.555020,1,3
2108,41704,2022-05-22 23:47:16.409967,1,3
2109,42420,2025-10-23 22:54:43.217607,1,1
2110,40744,2021-02-09 21:46:40.803078,1,3
2111,43054,2025-10-02 06:57:12.753796,1,4
2112,43081,2023-08-17 04:02:46.987056,1,4
2113,42547,2025-11-02 13:57:07.638561,1,4
2114,43148,2021-03-31 20:46:50.096183,1,3
2115,42732,2022-06-23 02:45:53.476620,1,2
2116,41731,2023-10-10 14:27:17.324786,1,5
2117,42287,2022-05-13 03:05:19.810231,1,4
2118,41592,2024-12-14 01:50:41.233838,1,5
2119,42098,2025-10-18 01:49:17.496953,1,3
2120,41293,2021-04-18 12:52:31.039506,1,5
2121,41762,2022-07-21 22:34:59.895865,1,1
2122,41572,2021-05-01 11:36:50.921369,1,3
2123,40707,2022-06-20 02:59:39.028231,1,3
2124,41005,2025-01-09 10:01:07.020035,1,2
2125,42750,2021-03-11 09:27:09.199903,1,1
2126,43385,2021-01-29 10:32:01.327213,1,3
2127,40875,2025-01-03 03:24:19.925381,1,5
2128,42677,2023-08-30 18:27:19.616373,1,4
2129,41592,2024-12-27 01:50:41.233838,1,2
2130,42522,2022-05-24 08:08:48.915018,1,1
2131,42986,2022-06-07 19:28:05.029328,1,3
2132,42806,2021-04-01 16:47:03.800333,1,5
2133,41089,2025-10-05 01:49:49.091734,1,1
2134,43495,2025-01-16 21:23:39.283293,1,3
2135,41669,2021-03-17 00:59:35.166498,1,1
2136,42552,2025-02-01 12:05:12.815364,1,2
2137,41656,2021-04-27 12:20:10.811890,1,5
2138,42221,2021-03-16 15:31:31.976514,1,1
2139,42951,2024-12-07 06:51:21.846032,1,5
2140,42669,2021-03-02 20:14:08.002218,1,1
2141,42811,2022-05-08 15:44:58.819298,1,3
2142,42637,2025-10-02 16:15:18.267212,1,5
2143,42282,2025-02-06 16:45:34.824265,1,4
2144,41673,2024-12-10 00:51:27.283621,1,5
2145,41876,2025-01-13 17:41:53.286966,1,5
2146,42001,2023-10-09 01:24:06.257084,1,2
2147,42016,2024-12-19 19:07:59.520314,1,2
2148,41718,2023-08-30 12:00:28.925506,1,5
2149,40789,2021-03-26 12:02:21.888796,1,4
2150,41840,2023-07-23 10:05:00.733838,1,5
2151,42756,2022-06-21 14:30:35.886354,1,3
2152,41851,2024-12-18 18:09:41.720358,1,5
2153,43348,2021-02-07 07:08:17.263583,1,5
2154,43087,2022-07-09 00:29:47.281738,1,1
2155,41695,2025-09-30 21:36:49.880107,1,3
2156,40790,2022-06-11 04:32:41.848055,1,4
2157,42468,2022-06-23 17:11:08.062894,1,5
2158,42380,2023-08-31 23:57:58.053479,1,2
2159,43166,2022-05-07 04:28:12.738005,1,3
2160,42495,2022-06-18 11:30:37.681877,1,1
2161,41069,2025-11-14 06:21:11.739500,1,4
2162,41061,2022-06-22 08:12:11.723046,1,4
2163,42921,2025-01-12 15:43:48.007209,1,3
2164,42310,2021-02-21 09:58:50.190833,1,2
2165,42840,2025-01-18 04:26:06.413024,1,3
2166,41740,2023-08-26 23:21:11.144465,1,1
2167,41367,2025-10-05 11:31:40.031055,1,2
2168,41068,2021-03-15 10:56:09.050885,1,2
2169,41942,2024-12-06 15:50:19.191777,1,5
2170,43337,2021-03-11 22:41:07.961078,1,1
2171,41096,2022-07-25 17:28:29.413211,1,4
2172,41286,2024-11-22 16:03:37.256626,1,1
2173,42304,2025-10-18 04:52:41.190659,1,2
2174,40871,2021-04-13 14:15:34.071269,1,4
2175,42940,2021-03-14 17:49:11.595234,1,5
2176,42173,2022-06-21 07:02:56.165012,1,1
2177,43304,2025-10-24 19:42:51.186587,1,1
2178,40598,2021-03-05 19:49:53.047501,1,5
2179,40938,2023-07-05 17:34:02.136883,1,5
2180,42848,2025-01-06 04:25:22.721081,1,3
2181,42273,2021-05-04 23:10:44.299663,1,5
2182,41903,2023-09-28 13:18:23.535673,1,3
2183,40779,2021-04-05 01:57:41.273249,1,3
2184,42288,2025-11-17 18:34:57.569724,1,4
2185,40613,2025-01-08 14:01:04.621459,1,5
2186,41803,2025-10-29 15:04:01.560172,1,3
2187,43147,2022-06-27 19:42:03.404367,1,4
2188,42577,2022-07-04 20:50:12.443568,1,5
2189,40825,2024-12-18 02:04:09.436180,1,5
2190,41918,2022-05-11 04:51:51.446937,1,5
2191,41605,2021-04-19 08:22:50.998279,1,1
2192,41487,2022-04-23 20:30:51.768159,1,1
2193,43496,2022-05-04 20:31:25.963768,1,5
2194,42980,2024-12-24 00:05:27.865009,1,4
2195,43315,2023-08-16 15:54:21.028101,1,5
2196,41042,2023-08-28 21:38:52.363403,1,5
2197,43507,2023-08-24 12:45:59.955029,1,2
2198,43385,2021-02-01 10:32:01.327213,1,2
2199,40673,2022-05-23 15:56:58.153215,1,4
2200,41283,2022-04-19 00:40:42.507157,1,1
2201,40888,2025-10-13 02:09:35.910088,1,3
2202,41560,2025-10-06 08:41:04.310689,1,4
2203,43228,2025-11-02 16:39:57.733063,1,2
2204,42748,2024-12-20 00:08:17.539103,1,1
2205,42788,2021-01-31 13:11:00.099930,1,3
2206,42797,2022-08-05 02:02:18.673030,1,3
2207,41018,2022-06-17 21:16:42.014540,1,3
2208,42595,2021-02-23 17:15:55.067998,1,3
2209,41933,2022-07-19 06:46:22.836381,1,5
2210,41145,2025-11-05 00:13:09.052858,1,4
2211,43234,2022-07-03 09:58:54.249738,1,5
2212,42891,2023-08-14 21:01:40.070670,1,3
2213,40746,2022-07-13 20:44:22.892098,1,2
2214,43196,2023-09-02 09:53:36.444433,1,2
2215,42060,2022-06-23 02:58:07.669528,1,1
2216,42425,2025-11-28 21:01:16.075132,1,3
2217,43067,2023-09-15 16:27:48.256110,1,5
2218,42560,2025-01-01 13:18:52.855950,1,1
2219,40672,2025-01-14 06:34:48.113212,1,1
2220,42643,2023-09-22 18:51:58.281194,1,3
2221,40604,2024-12-02 15:01:12.883639,1,2
2222,43265,2023-08-15 07:23:49.363578,1,2
2223,42716,2025-11-02 11:04:22.441713,1,3
2224,40667,2023-09-24 03:00:10.744370,1,3
2225,41536,2025-09-27 11:08:34.223296,1,1
2226,43132,2025-01-24 10:34:57.029003,1,1
2227,41548,2025-10-12 11:02:04.324241,1,5
2228,42400,2025-01-09 08:16:17.377797,1,2
2229,41501,2023-08-16 06:02:45.216146,1,3
2230,40873,2025-09-30 21:03:56.332782,1,1
2231,41633,2025-11-11 16:58:14.104598,1,3
2232,40972,2022-06-30 11:39:27.990582,1,4
2233,40824,2023-08-24 09:56:55.614978,1,3
2234,43339,2025-01-02 08:48:21.653345,1,5
2235,41265,2021-02-23 13:26:02.567358,1,3
2236,42897,2023-08-26 05:40:17.295528,1,3
2237,42392,2024-11-16 23:30:56.819165,1,5
2238,42412,2022-05-18 15:05:48.611542,1,5
2239,41892,2021-04-21 19:05:20.276873,1,4
2240,43258,2022-07-02 02:31:51.989412,1,4
2241,41836,2024-11-14 07:11:38.216176,1,2
2242,43305,2024-11-25 18:04:18.339843,1,3
2243,40754,2025-11-08 12:05:21.799947,1,1
2244,41257,2024-11-24 03:44:46.325382,1,1
2245,43069,2025-10-19 15:04:09.150253,1,1
2246,43250,2025-11-19 18:15:04.177044,1,5
2247,41300,2021-02-17 16:36:47.902231,1,4
2248,43165,2022-07-09 08:24:07.643306,1,4
2249,41645,2024-12-19 20:46:00.677137,1,3
2250,41857,2023-07-24 23:44:09.786041,1,3
2251,41460,2025-09-30 21:42:09.271910,1,2
2252,40710,2021-04-27 19:57:30.692643,1,5
2253,41944,2025-09-06 17:38:42.761692,1,3
2254,42462,2023-09-12 06:45:42.597399,1,1
2255,42043,2021-04-06 15:24:35.958285,1,1
2256,42468,2022-06-02 17:11:08.062894,1,5
2257,42521,2024-12-12 07:16:04.589315,1,2
2258,41164,2025-09-12 11:29:26.389871,1,4
2259,42672,2022-04-22 20:53:31.309475,1,2
2260,43163,2024-12-21 09:58:45.488771,1,3
2261,41399,2021-02-28 07:19:37.610222,1,1
2262,40832,2022-06-23 05:02:09.284043,1,5
2263,40608,2025-09-18 00:52:13.918957,1,5
2264,40797,2025-09-21 05:19:50.227798,1,1
2265,43157,2022-05-15 15:22:04.750020,1,3
2266,42858,2025-10-20 14:27:43.690577,1,2
2267,41503,2023-09-02 01:25:50.660596,1,1
2268,42668,2024-12-16 04:03:11.692862,1,5
2269,41018,2022-06-30 21:16:42.014540,1,1
2270,41367,2025-10-23 11:31:40.031055,1,4
2271,42701,2025-01-26 22:24:02.033537,1,4
2272,42616,2023-09-15 19:32:59.265903,1,1
2273,42594,2022-05-29 05:13:54.896469,1,3
2274,41296,2022-06-17 21:01:37.992666,1,3
2275,41985,2023-08-22 12:49:50.863200,1,5
2276,41181,2025-10-01 22:46:04.131645,1,5
2277,40992,2021-02-22 13:42:51.385357,1,1
2278,41281,2025-09-20 09:13:47.926979,1,5
2279,43225,2025-10-19 23:21:05.077627,1,4
2280,41421,2023-08-18 20:16:56.431649,1,1
2281,41197,2022-06-04 18:49:25.781262,1,5
2282,41618,2024-11-21 04:12:51.183632,1,5
2283,42240,2021-03-10 11:34:53.275941,1,4
2284,43554,2022-04-21 03:12:19.945167,1,4
2285,41706,2025-10-17 02:36:17.509192,1,4
2286,41170,2023-09-17 16:44:04.867642,1,1
2287,41742,2024-12-10 09:41:08.495632,1,5
2288,42572,2021-03-23 22:59:26.817792,1,4
2289,40737,2022-04-13 12:17:50.204135,1,5
2290,42116,2022-06-13 02:48:53.532461,1,1
2291,41102,2023-09-18 12:24:00.443463,1,3
2292,43376,2022-06-10 10:15:24.857762,1,4
2293,41880,2023-08-06 13:32:16.125243,1,4
2294,41583,2022-06-04 12:11:40.949724,1,2
2295,42074,2024-12-05 10:43:46.585010,1,2
2296,42508,2025-09-15 00:24:44.031119,1,5
2297,42962,2021-03-28 22:03:46.865082,1,4
2298,41165,2021-04-10 18:54:05.285870,1,2
2299,41219,2021-01-18 18:33:27.866562,1,1
2300,43235,2025-01-06 10:13:17.865480,1,1
2301,43272,2025-10-27 00:31:37.361163,1,2
2302,42883,2021-02-15 02:48:13.286766,1,4
2303,40974,2022-06-14 23:27:55.122134,1,3
2304,43283,2021-01-15 12:28:34.067116,1,3
2305,40592,2021-03-24 06:57:36.491219,1,1
2306,41700,2024-12-28 13:46:07.261311,1,5
2307,40771,2024-11-20 21:59:23.007294,1,4
2308,43031,2021-02-11 07:01:56.716350,1,2
2309,43029,2024-11-24 19:31:13.840566,1,2
2310,41711,2023-07-23 11:12:16.688732,1,3
2311,41038,2025-11-07 08:49:33.245100,1,3
2312,42896,2025-10-17 07:00:34.253810,1,5
2313,43006,2023-08-25 15:06:49.102930,1,4
2314,42201,2024-12-11 19:32:01.436507,1,4
2315,40833,2023-09-07 13:49:35.461070,1,3
2316,43030,2025-01-21 07:24:59.175303,1,3
2317,41101,2023-09-16 17:31:57.106530,1,2
2318,43383,2024-12-28 09:32:25.790484,1,4
2319,42764,2022-04-20 05:23:58.848873,1,2
2320,40937,2025-01-09 07:51:10.703622,1,2
2321,41049,2023-07-14 00:19:28.758607,1,3
2322,42866,2023-08-20 08:28:02.067825,1,5
2323,40985,2025-01-04 13:46:36.107560,1,1
2324,43402,2025-09-20 05:30:30.797353,1,4
2325,42709,2022-05-23 07:44:55.995141,1,4
2326,42547,2025-10-18 13:57:07.638561,1,4
2327,41386,2024-11-13 10:39:11.296167,1,3
2328,40797,2025-10-16 05:19:50.227798,1,3
2329,40627,2021-01-22 19:02:47.399637,1,3
2330,42955,2021-02-24 21:39:35.111743,1,1
962,33947,2024-07-29 04:46:12.393827,1,5
78,5864,2024-02-07 10:27:45.006143,1,5
1516,32236,2023-03-04 22:52:49.455154,1,5
961,24000,2024-07-06 06:20:59.956533,1,5
1769,29239,2021-10-26 03:54:45.189917,1,5
1768,21489,2021-04-17 10:14:07.267941,1,5
410,6820,2022-11-01 08:54:06.506144,1,5
1509,36927,2023-01-21 06:17:22.366325,1,5
1505,14307,2025-06-29 17:22:34.786971,1,5
840,33360,2021-01-29 14:29:46.945166,1,5
944,23912,2020-12-23 17:13:09.067813,1,5
415,21523,2023-01-13 19:52:28.405516,1,5
1862,20625,2023-11-13 18:17:25.554097,1,5
958,12809,2023-03-25 10:57:23.388400,1,5
1913,38566,2023-05-31 12:33:53.394613,1,5
1500,7854,2021-03-04 00:30:05.596153,1,5
946,1698,2025-10-15 11:05:15.573191,1,5
947,4666,2021-04-20 11:23:52.622262,1,5
1083,26084,2025-03-05 09:32:47.577149,1,5
1751,25355,2020-10-11 21:03:41.687927,1,5
1496,34590,2024-05-04 23:26:51.262072,1,5
425,2013,2023-06-19 08:01:50.312334,1,5
1492,5651,2025-01-07 05:31:39.471967,1,5
957,17884,2020-02-12 01:28:44.648716,1,5
842,33832,2025-09-11 22:01:30.963766,1,5
429,18822,2025-04-03 02:28:10.588139,1,5
1121,18950,2023-02-28 01:55:37.927423,1,5
953,33822,2021-10-16 10:43:21.296665,1,5
432,27496,2024-06-06 10:34:57.890321,1,5
1485,33216,2020-05-23 06:42:52.588006,1,5
195,12380,2022-06-19 04:16:49.128032,1,5
1481,12139,2022-06-23 03:09:17.940457,1,5
84,29675,2024-03-29 15:45:09.253336,1,5
196,21627,2021-07-21 15:32:15.820302,1,5
85,20040,2022-01-04 09:12:42.805288,1,5
439,11582,2022-06-08 14:17:50.055754,1,5
1886,39061,2025-10-12 16:04:29.714179,1,5
1478,25927,2024-11-22 15:52:51.999873,1,5
1120,12014,2021-01-09 09:11:41.524929,1,5
88,1580,2021-08-13 00:01:48.113085,1,5
1748,33975,2020-04-22 00:16:33.915104,1,5
1075,4955,2023-10-15 18:03:38.686905,1,5
1477,12002,2024-04-12 06:00:44.487971,1,5
201,12137,2021-10-14 08:09:17.365854,1,5
448,6740,2024-11-18 09:33:59.048778,1,5
1072,30934,2022-07-28 08:28:43.096373,1,5
203,21801,2022-11-21 04:45:37.657504,1,5
1858,25214,2021-09-21 05:47:09.574410,1,5
7,34952,2020-10-16 13:31:40.694798,1,5
1474,35945,2025-11-23 14:14:58.249622,1,5
454,24888,2020-08-05 19:25:18.421399,1,5
455,31696,2025-05-29 14:42:56.965820,1,5
1473,12373,2023-12-31 13:30:56.012422,1,5
1472,2546,2023-11-01 07:22:17.589877,1,5
1466,3120,2022-05-31 22:26:00.405138,1,5
1143,32473,2024-03-03 00:36:48.495410,1,5
206,14366,2020-04-28 14:19:10.016375,1,5
461,33031,2020-02-01 16:18:04.312497,1,5
848,25120,2025-08-17 07:10:55.922701,1,5
463,10536,2022-01-11 13:11:56.298486,1,5
1464,18109,2024-06-17 16:30:13.498584,1,5
1787,10608,2021-01-09 07:59:30.890222,1,5
18,17570,2021-06-05 07:51:01.546388,1,5
1457,21191,2023-05-15 04:39:35.944689,1,5
209,24928,2022-02-02 02:49:04.462817,1,5
803,29091,2023-05-31 01:55:36.572616,1,5
1733,27448,2023-10-17 22:39:59.504861,1,5
851,4811,2025-06-16 08:41:06.606736,1,5
40,14107,2020-01-12 20:04:00.345457,1,5
1068,65,2024-02-27 07:18:53.318682,1,5
1726,7030,2020-03-23 18:29:22.665279,1,5
475,30853,2020-03-19 03:47:47.662163,1,5
1433,26072,2024-05-01 03:22:31.251897,1,5
477,13491,2024-09-02 20:03:52.885637,1,5
1854,4867,2021-11-26 11:32:27.318063,1,5
479,26564,2023-09-06 14:43:07.122280,1,5
97,4571,2021-03-01 12:06:42.967343,1,5
1907,39192,2024-08-28 09:09:40.839898,1,5
482,37370,2024-04-12 13:30:40.913774,1,5
483,23376,2022-12-02 06:56:03.272838,1,5
484,10242,2023-03-04 09:50:42.923137,1,5
216,10222,2020-01-18 13:04:29.599540,1,5
486,4741,2022-04-22 11:49:03.748667,1,5
42,4767,2022-02-19 22:27:05.017696,1,5
488,16200,2022-09-11 03:37:09.328832,1,5
1431,1127,2025-01-17 19:59:32.594655,1,5
1430,26719,2025-04-03 21:10:07.826753,1,5
779,17100,2024-08-24 08:44:48.682038,1,5
492,12885,2022-05-01 05:56:58.991263,1,5
493,28835,2025-11-19 12:12:05.789653,1,5
1429,12063,2022-09-05 10:12:51.707969,1,5
174,13407,2024-11-10 16:06:53.350972,1,5
855,5645,2023-11-16 02:41:59.575330,1,5
221,27416,2024-11-01 03:08:04.153445,1,5
1425,8894,2023-10-31 08:55:03.802129,1,5
499,7979,2021-06-21 19:04:55.629039,1,5
1903,39035,2024-08-03 23:54:15.391144,1,5
1881,38716,2022-03-03 11:43:09.302610,1,5
223,17061,2023-08-27 13:48:58.330527,1,5
1142,34792,2020-05-17 23:28:57.874652,1,5
45,5349,2025-08-20 07:16:59.129493,1,5
1416,8209,2024-06-17 07:16:07.196101,1,5
1718,33439,2024-07-03 05:16:49.255296,1,5
1413,12662,2024-12-25 12:07:52.369328,1,5
508,3087,2024-11-20 23:23:39.732897,1,5
806,7723,2022-05-11 23:28:14.041435,1,5
510,8636,2021-05-25 22:25:36.086157,1,5
1138,26039,2022-09-09 20:26:07.674485,1,5
1409,36541,2022-04-16 20:01:05.233244,1,5
101,7874,2023-05-14 23:23:53.335629,1,5
1853,28900,2021-06-26 13:13:01.658952,1,5
1880,39099,2023-07-11 06:16:21.278466,1,5
516,7783,2020-03-24 02:23:20.506675,1,5
1399,31408,2023-05-10 12:04:34.751399,1,5
1396,32196,2021-10-12 00:37:30.621661,1,5
230,9269,2023-02-06 01:07:59.110213,1,5
1711,1742,2021-04-30 16:07:50.401656,1,5
232,2128,2020-06-28 21:22:27.040760,1,5
9,4004,2021-07-14 01:26:45.939140,1,5
163,10369,2022-08-02 15:22:10.997901,1,5
1387,23910,2023-05-28 05:21:59.826549,1,5
525,26698,2022-07-27 17:36:32.585707,1,5
1383,2620,2023-01-13 18:18:25.804633,1,5
860,30736,2025-02-17 21:18:24.344163,1,5
1934,39485,2025-10-26 02:43:28.621355,1,5
236,17755,2023-10-02 04:31:47.267241,1,5
1708,23682,2022-05-19 02:24:37.410079,1,5
531,9166,2022-09-01 19:52:00.105740,1,5
1378,11825,2022-01-29 13:07:52.420359,1,5
238,30750,2020-09-29 12:40:14.560606,1,5
1066,36943,2022-10-25 00:32:21.836454,1,5
1707,17895,2023-01-13 13:44:54.133141,1,5
106,10336,2021-09-30 14:31:32.710024,1,5
1373,14545,2021-01-26 02:16:59.213862,1,5
1704,10141,2022-09-03 05:58:24.280101,1,5
107,16805,2023-07-02 18:56:22.051978,1,5
1372,34630,2023-11-06 22:52:21.422926,1,5
541,13835,2025-01-24 21:23:10.528184,1,5
242,18068,2023-03-28 09:18:49.946910,1,5
1371,22956,2020-10-06 14:15:56.183323,1,5
1062,31002,2025-02-08 05:24:06.906872,1,5
1933,38743,2025-12-14 23:34:37.269991,1,5
1367,7402,2025-08-25 02:04:44.611425,1,5
1697,6000,2024-10-23 09:04:12.149016,1,5
109,9939,2024-01-09 22:48:22.172619,1,5
1813,28891,2022-09-26 06:05:30.228165,1,5
864,30738,2020-10-09 08:27:10.451498,1,5
1774,2999,2025-08-30 06:58:18.451536,1,5
1692,21766,2023-01-30 11:41:23.424031,1,5
553,9353,2022-04-27 14:13:31.171109,1,5
1364,29814,2020-02-11 18:39:01.181338,1,5
1363,33817,2022-07-12 13:11:23.419113,1,5
866,2478,2022-01-02 14:47:53.483964,1,5
1356,37264,2021-11-20 16:49:21.017893,1,5
558,22608,2024-03-22 02:00:42.018230,1,5
1690,10172,2022-10-02 06:10:47.125821,1,5
111,15160,2020-05-24 11:05:48.668210,1,5
1689,13163,2025-11-10 16:54:39.372350,1,5
810,24358,2024-04-19 17:41:14.305057,1,5
1850,11762,2023-08-11 01:12:59.485529,1,5
1353,22466,2023-02-11 09:24:39.457406,1,5
49,8295,2021-07-23 15:30:12.171192,1,5
1877,38694,2025-12-01 12:42:43.419822,1,5
115,36692,2020-07-26 19:44:12.323110,1,5
568,2166,2021-07-30 00:14:32.322397,1,5
569,36359,2023-11-02 00:25:57.377572,1,5
255,19861,2022-09-14 12:39:19.773324,1,5
177,21029,2023-08-27 12:16:38.452346,1,5
1131,28626,2023-05-16 07:11:08.835932,1,5
1344,36890,2021-10-21 19:14:37.375146,1,5
812,26367,2020-05-10 18:37:17.528598,1,5
575,5438,2022-08-05 04:00:19.562735,1,5
1342,14615,2022-11-15 07:07:24.668460,1,5
259,25199,2021-08-29 18:21:55.129353,1,5
871,2363,2025-05-19 10:57:04.566620,1,5
1338,13994,2024-03-01 05:55:18.163659,1,5
784,8278,2025-02-12 22:32:52.861113,1,5
1672,20901,2024-03-01 17:39:40.967279,1,5
263,36393,2024-07-28 19:59:42.107957,1,5
1334,31936,2020-12-15 11:53:13.574331,1,5
264,4911,2021-12-05 14:55:09.177912,1,5
1666,4238,2023-07-01 14:36:55.012741,1,5
1052,3994,2022-04-06 11:19:43.498623,1,5
587,36791,2025-08-04 06:30:16.152628,1,5
588,29416,2022-05-24 02:34:57.810014,1,5
874,30322,2023-03-21 12:52:53.623862,1,5
1046,32946,2024-12-26 17:53:29.211178,1,5
1848,6572,2023-06-23 20:53:20.037223,1,5
1044,2409,2024-05-07 09:19:34.428779,1,5
593,24992,2024-04-02 15:02:43.193115,1,5
594,29547,2025-07-09 02:31:25.490423,1,5
1329,7367,2021-11-04 12:28:28.579536,1,5
1109,31179,2024-09-16 00:38:24.599720,1,5
271,31599,2020-11-03 01:26:14.893562,1,5
1902,38643,2024-09-20 05:31:58.927408,1,5
272,11312,2021-06-19 04:09:19.613649,1,5
878,11002,2022-09-29 02:37:44.506697,1,5
274,20968,2024-11-01 08:06:35.209716,1,5
602,8801,2025-01-13 22:13:14.383596,1,5
603,52,2023-09-03 03:03:51.804310,1,5
604,3502,2025-08-13 01:08:07.511084,1,5
122,28286,2021-08-02 04:59:27.670985,1,5
1326,11705,2020-08-14 05:49:13.281252,1,5
27,31362,2025-12-29 00:11:58.953167,1,5
1847,4245,2022-08-28 07:12:46.461195,1,5
1839,11904,2025-04-12 05:32:05.784105,1,5
1159,11154,2024-01-13 15:22:21.839649,1,5
1130,1846,2021-08-06 21:09:46.903825,1,5
52,32642,2024-10-23 04:23:26.642244,1,5
613,31377,2022-03-08 07:26:04.815943,1,5
53,27880,2024-09-06 13:48:37.796633,1,5
180,977,2020-09-15 21:14:27.245325,1,5
616,30212,2024-12-06 22:05:17.292560,1,5
617,33467,2020-11-16 12:36:51.008301,1,5
1038,10229,2023-11-28 01:30:53.999138,1,5
127,30735,2023-03-22 15:20:29.088335,1,5
1037,4285,2025-09-27 19:31:09.658238,1,5
817,536,2020-07-06 15:33:33.863664,1,5
1320,19783,2025-04-11 20:19:13.498829,1,5
623,15946,2021-06-27 03:26:25.677711,1,5
283,1773,2023-12-12 22:24:25.595842,1,5
54,23700,2023-11-17 06:33:08.975786,1,5
1164,7708,2021-07-08 16:04:08.050383,1,5
627,29097,2021-11-19 09:50:52.646884,1,5
1101,33748,2021-11-04 19:19:09.778666,1,5
1316,16226,2024-12-15 04:29:27.246774,1,5
1313,15573,2025-10-09 21:41:59.350310,1,5
1834,12507,2021-04-12 08:28:24.380792,1,5
632,16463,2025-01-06 20:05:12.940085,1,5
1156,33325,2020-07-31 07:24:26.898547,1,5
1307,33809,2025-06-05 15:41:57.728719,1,5
1303,9358,2025-12-06 13:07:48.654554,1,5
288,23598,2020-12-03 03:17:19.462734,1,5
1124,6151,2024-01-19 10:34:55.166068,1,5
1031,24841,2023-09-30 08:05:18.916389,1,5
1029,22690,2024-05-23 15:07:03.572910,1,5
1656,10537,2022-01-10 13:11:56.298486,1,5
130,15121,2021-07-26 22:41:04.734139,1,5
1295,7561,2025-08-04 10:02:30.167326,1,5
1294,31573,2023-08-07 18:35:26.991686,1,5
1655,13180,2021-01-10 14:40:28.829817,1,5
1290,9672,2024-10-25 19:25:30.632436,1,5
822,9278,2022-09-06 19:00:46.800834,1,5
823,32057,2024-11-05 08:47:00.528758,1,5
296,20066,2021-12-21 21:36:44.924129,1,5
297,29553,2023-09-09 09:14:14.559778,1,5
893,9380,2022-08-20 13:51:55.989272,1,5
1652,28646,2020-01-16 13:41:24.032648,1,5
1288,34694,2025-11-27 13:03:27.690847,1,5
764,23095,2025-04-05 02:35:23.596975,1,5
1286,3825,2025-05-31 11:35:18.018084,1,5
895,23248,2025-02-13 14:29:57.391932,1,5
1649,16195,2025-11-05 06:30:53.351531,1,5
1645,26732,2020-05-25 22:50:01.144637,1,5
791,18372,2021-09-20 21:22:12.389424,1,5
897,21010,2022-03-26 20:18:50.313483,1,5
1018,19665,2023-08-03 18:29:26.418121,1,5
1096,3794,2022-06-06 14:29:47.374702,1,5
181,11031,2025-11-25 05:41:53.650634,1,5
1931,38843,2025-12-27 18:29:42.620018,1,5
664,23866,2023-08-22 18:52:03.868263,1,5
1281,33313,2021-02-01 16:41:37.284274,1,5
1280,37296,2021-02-10 18:09:36.624929,1,5
667,29679,2025-03-29 14:44:37.068744,1,5
1636,233,2023-07-05 16:29:07.861075,1,5
1632,22592,2020-05-12 14:40:23.808835,1,5
1277,9452,2020-12-13 19:54:00.591601,1,5
671,23197,2025-10-27 06:27:12.915702,1,5
182,16628,2021-12-16 07:05:55.355250,1,5
1629,32790,2020-03-27 21:53:16.260862,1,5
1831,29925,2022-03-17 12:05:43.450357,1,5
1274,8806,2025-10-14 20:31:31.906744,1,5
313,36414,2021-09-23 14:44:54.025328,1,5
1874,38788,2026-01-05 18:39:05.978515,1,5
678,7796,2025-04-24 23:10:53.142796,1,5
59,22759,2021-09-19 22:17:20.767143,1,5
1628,5407,2020-12-27 11:32:13.165012,1,5
1267,3441,2024-03-09 08:37:38.413121,1,5
682,11017,2024-09-27 20:26:07.154289,1,5
1828,31254,2024-04-12 23:42:40.206459,1,5
138,2030,2024-01-17 17:52:14.031811,1,5
317,20680,2025-09-12 08:53:10.675355,1,5
1013,13593,2025-11-18 11:46:48.350867,1,5
1260,28860,2020-04-24 18:25:40.574309,1,5
688,7541,2021-01-27 22:25:54.423489,1,5
1258,8779,2023-07-21 18:53:28.153151,1,5
1010,3759,2024-01-28 06:24:59.803317,1,5
61,7935,2021-01-24 11:51:31.146732,1,5
1825,18164,2022-01-08 17:57:25.458224,1,5
321,16552,2024-03-09 18:35:51.904941,1,5
904,6868,2024-05-28 17:45:31.584063,1,5
1626,11627,2023-01-25 03:56:22.454778,1,5
1238,17259,2023-03-16 19:39:07.618307,1,5
697,15673,2020-12-29 23:49:16.364228,1,5
142,7252,2023-12-01 06:19:05.334917,1,5
324,35897,2020-03-05 10:34:57.557919,1,5
1620,8828,2020-11-16 11:04:51.499764,1,5
1093,36188,2024-12-06 03:09:44.200927,1,5
1611,7693,2025-07-13 02:00:49.936803,1,5
1607,6688,2024-01-12 23:05:55.565045,1,5
1228,28021,2022-01-26 04:30:39.569875,1,5
705,4352,2023-07-01 06:19:19.249351,1,5
329,37191,2024-02-05 07:05:00.679448,1,5
707,11984,2023-06-02 12:25:14.394461,1,5
1606,19172,2025-09-04 16:11:57.251642,1,5
709,29445,2025-01-07 16:04:43.685938,1,5
828,6469,2023-08-09 21:41:56.776634,1,5
1224,28817,2021-06-17 11:19:03.321614,1,5
1222,18145,2023-03-19 00:12:32.708222,1,5
145,21977,2023-02-14 10:51:19.494174,1,5
714,15152,2024-10-20 18:45:07.860989,1,5
1899,39549,2024-08-24 10:42:30.877350,1,5
332,13814,2024-04-05 07:12:03.362406,1,5
1221,9785,2025-07-07 07:14:45.071348,1,5
718,18001,2024-02-19 07:05:10.809461,1,5
907,21053,2022-07-01 21:39:33.741430,1,5
334,19426,2023-05-09 08:02:35.802662,1,5
335,19483,2025-07-06 23:43:06.448341,1,5
722,12794,2021-03-29 10:54:06.236167,1,5
1605,1726,2024-05-27 10:10:21.895167,1,5
1818,30915,2021-10-17 02:43:13.187239,1,5
1162,34727,2022-04-26 19:23:19.550942,1,5
1002,19470,2022-05-13 22:48:09.502606,1,5
1817,35350,2022-02-17 10:54:17.762901,1,5
1211,13978,2021-07-13 15:46:50.593144,1,5
1871,34159,2025-05-18 19:46:40.366169,1,5
1206,8367,2023-01-02 07:44:19.602874,1,5
340,15480,2021-02-07 12:54:33.351803,1,5
183,26356,2021-02-24 22:20:23.368490,1,5
1000,22829,2022-02-10 22:36:23.482327,1,5
343,6441,2022-02-19 07:41:26.945601,1,5
1194,36674,2023-03-26 17:00:05.001696,1,5
66,10977,2022-02-26 23:23:32.689154,1,5
1811,25630,2020-03-26 11:10:52.061409,1,5
913,29776,2023-01-14 16:06:16.787123,1,5
1186,22783,2021-02-09 09:33:04.627705,1,5
740,37242,2022-12-10 11:59:44.040177,1,5
1086,11789,2020-05-30 14:38:53.947672,1,5
149,29295,2025-11-02 19:01:03.561540,1,5
993,17412,2024-09-06 09:18:19.538188,1,5
1182,30703,2022-03-30 23:06:06.714748,1,5
160,1185,2021-01-14 17:27:27.158199,1,5
1181,774,2020-01-24 01:47:21.226899,1,5
747,960,2022-05-11 18:10:21.058602,1,5
795,3931,2021-10-10 06:22:48.809534,1,5
351,8549,2025-08-20 20:55:01.613800,1,5
1594,24097,2024-05-20 11:19:55.254211,1,5
988,25679,2025-02-22 10:20:14.681704,1,5
1865,31899,2021-10-06 17:32:51.232557,1,5
1174,34289,2024-10-06 19:23:15.446701,1,5
919,30743,2022-08-02 19:47:40.378042,1,5
920,17856,2021-03-20 20:05:09.506724,1,5
1171,16425,2021-07-05 08:34:40.562146,1,5
757,19857,2023-05-22 19:23:22.322927,1,5
1170,2950,2022-08-19 12:49:25.295189,1,5
1166,23202,2022-12-27 20:15:02.888050,1,5
986,7551,2021-07-28 22:01:48.004206,1,5
1893,38727,2024-08-22 04:19:21.928639,1,5
359,33056,2025-02-02 12:20:02.214003,1,5
360,4054,2022-08-03 01:40:02.740314,1,5
1591,20054,2025-02-16 02:56:36.569912,1,5
1585,12222,2023-03-16 22:47:49.027729,1,5
35,4895,2022-12-08 07:48:27.170537,1,5
364,15074,2025-03-14 19:26:36.313194,1,5
1580,2240,2023-10-08 00:09:14.610459,1,5
1808,7533,2022-06-17 12:43:26.803265,1,5
1148,24666,2020-10-03 01:24:32.920158,1,5
368,34448,2021-06-05 00:58:28.413790,1,5
926,9320,2024-04-05 19:24:21.041022,1,5
985,9929,2024-10-16 08:12:59.755687,1,5
1572,23556,2025-08-09 11:25:29.055445,1,5
372,10437,2021-11-23 03:52:19.615573,1,5
1571,34421,2025-04-12 13:19:22.150963,1,5
979,24365,2023-04-19 09:36:48.462568,1,5
929,36502,2024-07-23 21:19:41.002308,1,5
1560,1102,2020-07-15 14:56:11.803586,1,5
1559,13597,2020-12-20 08:55:29.431550,1,5
73,35635,2022-09-23 13:09:23.779716,1,5
1554,30393,2024-10-08 14:11:33.850941,1,5
1553,28600,2022-10-11 04:26:07.424536,1,5
169,7745,2025-10-01 21:30:32.480665,1,5
1920,38605,2025-11-28 19:18:22.184198,1,5
1546,2240,2023-08-29 00:09:14.610459,1,5
1544,3644,2025-03-19 13:42:05.922339,1,5
188,28339,2025-08-22 00:37:18.571164,1,5
386,37546,2023-12-16 04:19:21.652613,1,5
974,5144,2020-04-10 19:31:54.985884,1,5
1542,28209,2020-02-23 03:26:37.160368,1,5
837,30256,2023-08-07 06:05:11.875555,1,5
934,27546,2023-10-11 22:47:42.669973,1,5
1534,15346,2022-02-14 21:03:40.409305,1,5
392,15354,2024-01-23 09:10:53.967364,1,5
972,19428,2025-08-16 18:08:21.172334,1,5
776,6562,2022-02-19 23:05:10.184802,1,5
965,28707,2020-03-15 04:25:39.497965,1,5
1161,34653,2020-04-12 23:51:17.563164,1,5
1863,10714,2021-10-03 06:01:27.434331,1,5
1527,17544,2024-01-15 05:43:21.211800,1,5
1525,26177,2025-06-03 07:09:55.484386,1,5
1523,18631,2025-12-12 08:45:20.979972,1,5
401,21077,2024-06-16 10:30:48.234242,1,5
1520,11240,2024-09-30 21:57:50.077921,1,5
1517,29183,2024-08-17 17:48:51.462332,1,5
1436,17851,2020-10-04 04:17:05.921492,1,3
1165,26856,2023-02-15 03:11:23.784238,1,3
1814,21513,2021-02-06 11:22:06.153285,1,3
769,23172,2022-05-03 17:27:28.835579,1,3
771,29362,2021-03-25 06:44:15.872352,1,3
772,19118,2022-12-31 07:57:24.440276,1,3
1806,18614,2023-11-11 20:53:59.096859,1,3
782,31744,2023-04-17 23:03:06.997802,1,3
785,4229,2022-02-07 09:51:46.344171,1,3
1805,36704,2023-04-19 14:05:14.397387,1,3
157,17204,2022-08-02 14:48:12.842525,1,3
1895,38752,2023-07-25 18:50:20.753586,1,3
1802,18919,2022-08-28 01:02:14.610370,1,3
793,31188,2020-02-29 00:58:02.867750,1,3
796,4424,2022-02-09 14:18:05.728527,1,3
161,34989,2024-03-18 04:13:51.997998,1,3
1122,23186,2021-10-24 16:16:45.871061,1,3
162,15296,2021-08-26 13:27:02.426573,1,3
1116,15870,2021-10-27 05:29:18.021793,1,3
804,22941,2025-10-05 05:14:59.237002,1,3
1113,35131,2026-01-05 04:26:59.997223,1,3
807,34149,2025-10-19 21:53:56.172561,1,3
1111,8065,2020-08-19 01:07:26.681093,1,3
811,30160,2024-12-25 14:12:38.094779,1,3
813,10753,2021-01-19 01:04:20.137021,1,3
815,34200,2021-05-12 02:19:01.768516,1,3
1801,11819,2020-01-17 15:58:14.155102,1,3
1103,14963,2021-12-11 08:08:41.684938,1,3
1794,14327,2023-05-07 00:13:40.426408,1,3
1894,38866,2024-08-14 13:40:45.503679,1,3
1097,31186,2020-02-14 00:58:02.867750,1,3
1793,14393,2024-01-17 23:32:49.991947,1,3
829,7591,2023-01-18 19:01:40.690971,1,3
830,5779,2023-09-25 18:21:31.756465,1,3
832,27971,2020-10-20 22:30:38.641769,1,3
1792,37305,2022-10-24 02:31:06.922765,1,3
834,29706,2022-01-13 15:26:02.987118,1,3
835,5543,2023-02-08 23:50:29.742989,1,3
1084,30815,2023-01-25 03:23:19.872518,1,3
170,34608,2025-09-03 13:03:43.919236,1,3
1082,32480,2023-10-01 03:05:21.724445,1,3
1789,9366,2024-01-12 11:12:10.153802,1,3
847,15689,2024-05-23 16:04:44.565283,1,3
850,11884,2023-10-16 14:56:50.958274,1,3
173,24587,2024-06-10 01:24:41.044557,1,3
856,15835,2025-05-18 04:10:49.312672,1,3
1776,2169,2020-08-29 12:10:15.804240,1,3
858,27294,2020-11-15 06:23:31.172349,1,3
1067,12134,2024-06-20 08:26:07.655054,1,3
863,16131,2025-01-05 00:14:12.635983,1,3
1059,20574,2021-05-02 14:24:15.032518,1,3
1773,13849,2024-10-24 09:42:26.616059,1,3
1056,18288,2022-11-13 16:37:54.677968,1,3
1053,1078,2023-05-11 02:25:49.503101,1,3
1771,27581,2025-03-25 22:09:43.887185,1,3
1043,24905,2024-11-26 05:33:43.626466,1,3
1042,12291,2021-06-18 18:54:35.005385,1,3
1036,27699,2024-11-06 00:27:49.483722,1,3
885,24377,2024-11-28 21:59:26.249904,1,3
1034,34218,2023-06-25 15:20:14.352494,1,3
1032,4644,2023-11-21 05:10:05.088616,1,3
888,10935,2020-03-04 19:10:08.760004,1,3
1025,36827,2022-01-08 05:05:50.102136,1,3
1023,3176,2020-11-20 11:26:25.328737,1,3
894,18860,2023-07-11 19:21:10.687071,1,3
896,35922,2024-02-11 05:58:53.228402,1,3
1017,12930,2025-02-24 21:25:11.707360,1,3
905,27540,2024-06-29 04:58:29.444210,1,3
1006,7858,2022-04-09 16:33:30.230299,1,3
1003,21450,2020-12-16 07:39:36.761350,1,3
996,12348,2020-02-16 12:10:37.202335,1,3
184,2335,2023-10-10 07:15:07.141070,1,3
916,20051,2025-09-21 00:56:26.968022,1,3
917,25545,2024-11-04 12:54:15.875949,1,3
924,31127,2020-10-20 00:32:00.561759,1,3
1770,14634,2022-02-24 23:06:31.244631,1,3
978,36637,2025-05-28 18:01:41.977504,1,3
36,36835,2024-09-16 05:56:25.009816,1,3
971,17033,2023-08-15 10:02:36.975086,1,3
963,14111,2023-06-09 04:02:10.444614,1,3
943,25727,2020-09-05 02:22:31.531832,1,3
1756,35101,2021-11-26 23:34:17.296351,1,3
1750,18375,2025-06-07 20:15:42.720582,1,3
956,17948,2023-05-21 21:52:01.317140,1,3
1882,39504,2025-11-27 12:10:37.357897,1,3
200,8711,2023-09-03 05:05:27.208736,1,3
1745,23537,2024-01-19 17:32:54.096668,1,3
205,19836,2022-10-27 08:22:38.224694,1,3
1744,20537,2023-12-31 14:03:16.767660,1,3
1743,21988,2024-01-16 02:09:31.684274,1,3
1740,8249,2021-12-14 00:18:20.223216,1,3
1728,24917,2022-08-22 10:09:43.040186,1,3
41,21165,2023-08-25 03:20:19.649129,1,3
1722,4712,2025-05-08 02:47:17.188897,1,3
1925,39284,2025-10-31 05:34:49.338518,1,3
220,28612,2022-11-21 08:30:28.267259,1,3
1720,26157,2023-03-02 06:18:18.219527,1,3
1714,14838,2022-12-29 20:06:03.634640,1,3
1713,15696,2024-08-22 19:51:58.701755,1,3
1709,22733,2021-08-27 00:37:17.601217,1,3
235,17263,2020-04-21 02:31:49.415845,1,3
239,11523,2023-05-03 01:16:00.943701,1,3
1701,1233,2023-12-16 03:30:57.143041,1,3
245,27170,2024-11-11 11:51:50.454402,1,3
1696,28918,2023-08-29 15:51:45.306760,1,3
48,7478,2024-09-10 21:33:35.254927,1,3
249,1617,2024-07-27 01:35:33.647449,1,3
1686,5803,2025-05-26 15:09:37.540123,1,3
1684,28113,2026-01-12 05:38:28.205742,1,3
51,19991,2024-05-02 00:34:29.773218,1,3
1679,29331,2024-11-12 06:32:45.534127,1,3
260,7701,2021-12-21 01:58:53.295265,1,3
1675,20321,2023-01-27 02:41:29.008402,1,3
1665,27391,2020-06-15 08:13:37.413669,1,3
267,30083,2025-03-11 16:41:17.914933,1,3
268,25882,2020-04-14 06:25:37.203545,1,3
269,6111,2020-08-31 01:59:53.156286,1,3
1664,21506,2021-08-15 20:51:59.177025,1,3
1662,23537,2024-01-18 17:32:54.096668,1,3
275,1342,2023-01-18 22:16:14.169228,1,3
276,2511,2023-12-08 13:11:58.669138,1,3
279,9030,2024-07-10 14:34:30.445188,1,3
280,15045,2022-07-05 21:07:35.616350,1,3
1660,8034,2024-01-12 06:55:29.718323,1,3
282,23264,2021-09-26 23:32:05.982614,1,3
285,16231,2023-06-03 05:56:00.811726,1,3
286,9653,2021-06-04 21:38:35.780815,1,3
55,2790,2022-02-04 07:58:53.606507,1,3
289,5404,2024-07-07 20:24:16.843516,1,3
1658,26894,2024-01-28 03:17:04.856910,1,3
291,18254,2020-12-24 23:38:43.996821,1,3
294,34778,2021-11-01 17:52:45.563599,1,3
295,17914,2020-09-13 00:28:08.978992,1,3
1654,1667,2022-06-26 00:13:27.792593,1,3
1651,16573,2022-11-27 02:24:57.921775,1,3
1650,24219,2023-01-06 08:30:09.380693,1,3
1639,3559,2024-05-02 22:03:34.579316,1,3
1638,22155,2020-04-12 07:35:47.394326,1,3
1876,39537,2025-11-05 00:22:47.178525,1,3
1875,38660,2025-10-02 07:15:15.447368,1,3
1637,29687,2025-02-11 01:21:50.631799,1,3
1630,28847,2023-01-06 07:54:22.406626,1,3
318,22543,2024-01-19 23:58:39.313553,1,3
1921,39376,2025-09-24 18:49:30.119395,1,3
322,6801,2023-01-18 16:10:53.089663,1,3
1614,21277,2025-10-18 09:19:28.543080,1,3
331,23452,2025-07-13 03:49:31.685264,1,3
333,23115,2020-07-26 14:36:00.318644,1,3
62,14462,2023-02-13 15:57:54.639843,1,3
11,3776,2025-12-24 19:28:07.855653,1,3
1600,7129,2024-04-13 15:53:12.670362,1,3
65,8755,2020-09-24 14:30:30.381448,1,3
1599,28738,2025-03-04 13:47:43.563046,1,3
346,26076,2021-03-17 04:54:46.919812,1,3
1597,13499,2025-11-12 12:03:52.410629,1,3
348,11390,2025-02-03 05:30:41.285280,1,3
1867,26742,2022-02-25 11:09:06.771072,1,3
1595,20292,2023-03-18 03:30:27.802183,1,3
1866,26830,2020-12-16 03:27:45.471225,1,3
70,29926,2022-03-16 12:05:43.450357,1,3
71,34011,2020-04-23 10:28:12.355797,1,3
357,22761,2021-06-29 07:16:21.563225,1,3
1592,14385,2022-04-10 20:15:05.453096,1,3
363,25803,2023-11-28 05:26:45.607524,1,3
1577,10759,2024-09-13 15:55:49.504780,1,3
1574,28343,2021-05-22 00:06:22.909589,1,3
369,3081,2024-10-13 23:42:54.793771,1,3
72,20381,2021-03-22 13:29:57.037413,1,3
1566,27041,2025-09-22 17:03:18.972533,1,3
1562,4059,2022-09-22 08:18:20.330669,1,3
1547,13957,2022-04-10 02:51:36.597781,1,3
385,31690,2022-01-14 02:39:40.373906,1,3
387,34691,2025-01-16 14:39:25.795461,1,3
1540,32628,2022-09-27 17:45:49.534721,1,3
75,26537,2020-11-24 05:24:35.132727,1,3
393,33599,2022-01-03 17:34:17.222552,1,3
1532,7714,2026-01-14 23:17:24.843261,1,3
1529,35169,2022-05-05 10:10:39.373532,1,3
13,10493,2021-08-22 14:36:43.102603,1,3
404,15969,2021-12-13 23:26:05.070684,1,3
1512,8151,2021-10-22 00:15:58.342761,1,3
1510,35076,2021-12-27 23:31:32.515423,1,3
1915,38995,2025-11-15 01:14:25.979783,1,3
413,3040,2023-01-27 09:20:59.721781,1,3
414,34019,2023-11-14 11:16:52.876468,1,3
1501,12471,2025-03-04 00:09:55.280783,1,3
420,31630,2025-12-31 17:38:26.474785,1,3
1497,4367,2024-04-30 17:02:30.281053,1,3
422,33448,2020-09-04 19:27:01.428428,1,3
423,20041,2021-12-24 09:12:42.805288,1,3
82,35731,2023-12-18 03:18:43.711943,1,3
1490,31213,2025-03-18 13:24:25.649111,1,3
1488,11694,2020-04-01 08:22:54.562933,1,3
1861,15765,2024-09-16 02:03:11.028542,1,3
434,8787,2025-03-14 03:02:41.053060,1,3
437,34559,2023-08-11 19:26:23.612652,1,3
16,36110,2022-12-23 19:02:29.767555,1,3
87,11553,2023-03-08 09:02:43.908872,1,3
444,12895,2021-06-28 15:46:57.799224,1,3
89,14226,2024-11-02 19:42:24.422704,1,3
1476,33118,2022-07-31 17:40:29.133982,1,3
1475,8112,2020-04-12 22:34:22.043985,1,3
1911,39461,2025-10-19 12:37:49.104074,1,3
452,2936,2023-01-16 03:50:59.490841,1,3
1465,29553,2023-09-06 09:14:14.559778,1,3
1857,19237,2021-07-20 10:51:15.665436,1,3
1856,25597,2022-12-23 12:54:40.070435,1,3
1463,9524,2020-12-31 17:54:09.341087,1,3
1910,38910,2026-01-14 18:45:30.551706,1,3
1448,3705,2023-03-30 05:24:56.822202,1,3
470,7719,2024-11-15 18:29:46.839427,1,3
1443,23080,2025-01-26 07:33:43.035008,1,3
472,9911,2022-10-14 14:59:57.432695,1,3
1438,36813,2024-08-08 18:12:25.534920,1,3
760,8184,2025-02-08 03:03:41.087317,1,3
1432,6341,2020-07-02 21:16:02.399587,1,3
487,33652,2022-03-08 07:15:42.035550,1,3
491,24383,2022-01-27 07:33:10.656043,1,3
495,31709,2025-08-13 08:30:05.737893,1,3
1427,8765,2024-12-12 07:04:22.874636,1,3
497,8010,2024-03-27 01:10:17.763516,1,3
1424,35269,2020-07-20 02:07:50.917274,1,3
1420,8516,2024-11-22 14:07:09.698141,1,3
100,10546,2024-03-10 06:13:59.098928,1,3
1418,35349,2022-02-18 10:54:17.762901,1,3
506,14496,2023-11-12 14:34:35.587565,1,3
509,28461,2021-07-31 01:49:11.299633,1,3
1412,513,2020-10-18 06:26:16.089065,1,3
1405,15206,2020-04-29 21:33:49.895935,1,3
519,13546,2020-04-11 06:08:07.933443,1,3
520,31107,2023-09-02 18:37:42.382569,1,3
1395,7992,2020-02-26 08:35:01.557908,1,3
1392,9212,2020-10-18 15:00:01.685945,1,3
1388,33226,2023-05-29 00:00:36.127531,1,3
527,18041,2021-02-27 09:04:02.287801,1,3
1382,6069,2021-01-07 12:22:43.187837,1,3
104,835,2021-02-24 22:48:03.341575,1,3
533,4828,2020-10-11 18:48:18.740165,1,3
105,4554,2022-10-07 04:18:31.130050,1,3
535,21506,2021-07-18 20:51:59.177025,1,3
538,25132,2023-02-01 18:39:14.829092,1,3
542,18476,2022-08-05 11:34:17.912080,1,3
544,35986,2020-05-24 12:43:40.508903,1,3
1365,7647,2021-04-03 06:56:14.772876,1,3
549,24540,2025-09-24 14:30:11.441130,1,3
550,22607,2020-08-21 09:30:33.856080,1,3
551,16745,2025-03-29 01:58:08.940530,1,3
552,30794,2020-08-10 12:12:26.726210,1,3
556,3859,2024-09-29 15:24:57.894299,1,3
1851,29313,2020-04-07 01:46:33.076207,1,3
561,33227,2022-08-24 11:16:15.601333,1,3
562,1323,2021-10-04 09:13:59.570040,1,3
113,32140,2023-12-03 15:18:53.916515,1,3
114,4736,2025-06-06 14:06:09.909828,1,3
570,22241,2020-12-08 06:58:27.790591,1,3
1351,14466,2022-09-13 22:07:10.474141,1,3
1348,12063,2022-07-29 10:12:51.707969,1,3
24,25677,2021-01-12 15:43:55.657133,1,3
577,31110,2022-10-11 20:56:28.920601,1,3
1340,12914,2023-09-25 00:53:37.112501,1,3
1337,15442,2020-04-18 14:15:21.610277,1,3
1336,10698,2020-08-01 07:29:12.098295,1,3
1335,15729,2022-02-08 11:51:17.304797,1,3
1333,9580,2023-11-14 18:43:39.729672,1,3
117,12984,2023-05-04 21:58:42.707147,1,3
1332,22661,2025-09-22 16:05:07.725255,1,3
118,33075,2022-06-12 00:59:43.689581,1,3
1330,13028,2022-09-24 09:19:14.217158,1,3
592,35144,2020-08-21 07:08:37.966040,1,3
25,8365,2021-04-01 14:32:17.897340,1,3
597,25308,2021-01-31 02:31:53.242470,1,3
599,26880,2021-05-28 17:57:08.891854,1,3
600,18406,2022-07-16 09:30:43.658843,1,3
1328,3839,2024-06-02 10:54:41.713874,1,3
1837,2135,2022-03-10 02:00:41.619716,1,3
611,7361,2022-11-08 17:38:42.908355,1,3
612,5447,2022-12-25 20:37:35.844594,1,3
1321,14928,2020-06-02 20:00:05.810740,1,3
615,23611,2025-02-22 01:20:18.223724,1,3
618,13317,2025-04-20 21:49:40.831879,1,3
620,12366,2022-04-20 16:03:25.305647,1,3
621,9017,2023-11-27 11:39:04.106834,1,3
1836,27941,2021-10-18 15:15:51.729130,1,3
625,35016,2022-11-08 22:17:41.411108,1,3
1317,11702,2022-02-25 22:26:24.453983,1,3
628,26070,2025-09-14 14:19:35.138129,1,3
1310,5221,2025-09-02 16:01:19.110605,1,3
636,5117,2023-11-13 03:39:56.181799,1,3
1300,34935,2023-08-28 10:40:27.502193,1,3
638,25803,2023-12-08 05:26:45.607524,1,3
1298,18175,2024-06-20 10:42:27.904839,1,3
1296,32116,2022-08-24 09:09:11.354280,1,3
644,18850,2020-03-17 14:46:35.015615,1,3
1289,19240,2022-09-20 08:39:53.499436,1,3
647,31195,2023-04-15 11:51:52.804981,1,3
648,32311,2021-02-10 13:57:50.977802,1,3
649,15970,2022-01-01 23:26:05.070684,1,3
650,12107,2021-06-25 03:58:50.449686,1,3
651,36733,2021-08-08 11:00:07.747661,1,3
653,2671,2023-09-22 12:12:37.608396,1,3
1285,37223,2023-08-23 01:53:35.972397,1,3
1833,30947,2021-08-23 02:23:26.905222,1,3
657,15820,2024-08-04 18:58:36.369052,1,3
1901,39307,2024-08-17 15:39:29.654236,1,3
1832,7351,2025-11-12 21:50:47.506181,1,3
660,28705,2023-04-05 18:47:46.158399,1,3
134,28816,2021-07-08 11:19:03.321614,1,3
1284,34217,2023-06-30 15:20:14.352494,1,3
668,34441,2020-06-17 22:21:31.090144,1,3
1278,32169,2025-05-17 00:57:42.216219,1,3
672,20651,2025-06-26 11:24:58.956081,1,3
673,24536,2024-10-07 04:40:06.875670,1,3
1272,13226,2023-02-16 13:39:47.338839,1,3
677,8624,2025-03-15 02:38:02.116436,1,3
1268,28880,2024-05-19 16:26:00.847691,1,3
680,11816,2024-08-09 08:38:15.859057,1,3
685,6735,2020-04-17 16:39:49.974987,1,3
1262,35456,2020-10-12 20:07:14.987518,1,3
1254,26542,2022-10-09 12:02:13.120347,1,3
1248,29926,2022-03-12 12:05:43.450357,1,3
693,1760,2020-10-26 19:41:30.509563,1,3
140,18095,2025-10-05 06:04:56.066336,1,3
30,9383,2022-05-20 16:55:23.663327,1,3
1235,26074,2024-06-18 03:44:46.406001,1,3
143,18269,2022-07-16 11:29:34.785641,1,3
701,14006,2025-11-20 16:09:12.040360,1,3
1233,30842,2025-12-18 10:03:28.458696,1,3
1230,15477,2024-12-09 15:54:29.539167,1,3
1227,34456,2021-06-08 22:36:06.516684,1,3
1226,21550,2022-06-19 20:30:19.352761,1,3
1819,21743,2020-06-05 18:03:43.655207,1,3
716,12366,2022-03-29 16:03:25.305647,1,3
719,35953,2021-02-12 04:39:09.028631,1,3
1220,6805,2020-11-02 19:57:16.838311,1,3
721,17865,2021-01-13 02:38:08.431829,1,3
723,22924,2024-07-08 10:05:07.759539,1,3
1219,21767,2023-02-12 11:41:23.424031,1,3
1212,3289,2020-03-03 16:10:09.834210,1,3
1210,19558,2024-12-14 09:54:27.400138,1,3
731,26016,2020-12-30 16:20:41.024599,1,3
1202,2881,2025-03-26 11:02:54.377845,1,3
1201,9226,2020-09-27 23:36:23.461803,1,3
1197,16259,2022-02-02 17:55:45.855636,1,3
736,34089,2020-12-10 04:03:45.838159,1,3
1192,4351,2023-06-20 06:19:19.249351,1,3
1190,30534,2026-01-07 10:59:46.602336,1,3
1185,3454,2024-01-22 09:10:41.902679,1,3
1183,26327,2020-12-14 06:42:53.564879,1,3
745,9195,2025-10-29 12:47:41.335900,1,3
1815,27315,2021-02-25 10:38:50.691035,1,3
1178,28236,2023-12-31 10:53:14.312810,1,3
750,32508,2021-03-28 14:29:41.296356,1,3
1175,19973,2023-05-28 19:20:01.534023,1,3
752,34679,2025-01-27 09:42:19.573338,1,3
1172,5611,2023-09-28 11:36:37.955114,1,3
755,4643,2025-10-28 03:10:40.840119,1,3
727,24903,2023-04-16 22:50:37.959252,1,1
3,25893,2025-02-21 00:13:16.118776,1,1
4,29857,2022-06-14 19:27:41.014434,1,1
22,33539,2021-06-07 03:56:23.913774,1,1
23,21423,2024-06-04 09:43:36.560077,1,1
29,37427,2021-12-16 22:19:09.359330,1,1
39,24711,2023-08-06 02:48:41.797687,1,1
43,11421,2024-03-05 19:53:57.385043,1,1
47,35284,2020-06-14 21:18:15.551492,1,1
60,6567,2021-10-16 11:35:12.051319,1,1
63,5999,2025-12-17 08:00:34.763639,1,1
74,13903,2023-11-08 11:04:48.575795,1,1
76,10361,2021-08-02 01:28:40.382792,1,1
79,10349,2025-07-26 15:33:00.888584,1,1
81,28228,2021-05-12 20:50:09.583353,1,1
86,25110,2024-01-09 03:54:07.157213,1,1
90,17011,2023-07-15 18:52:35.753524,1,1
94,11199,2022-11-05 05:30:57.082001,1,1
95,24703,2023-11-28 17:56:19.735390,1,1
98,11432,2020-08-23 16:57:47.646820,1,1
99,31033,2024-10-24 07:57:53.549541,1,1
103,6893,2025-03-05 05:17:29.586856,1,1
108,14145,2023-11-23 19:23:21.086561,1,1
116,6214,2023-01-05 01:10:58.477274,1,1
120,22179,2025-11-12 04:24:50.674649,1,1
121,16270,2021-08-27 19:57:13.568075,1,1
123,31040,2021-05-31 13:55:13.304491,1,1
132,6987,2023-11-27 16:29:46.488825,1,1
135,28411,2024-05-05 19:57:58.688192,1,1
141,19580,2022-10-29 02:47:34.548476,1,1
146,22463,2022-10-11 14:36:00.050115,1,1
158,882,2025-05-13 02:23:10.045791,1,1
166,1035,2020-07-08 15:04:39.517548,1,1
185,31183,2025-05-26 13:26:06.778218,1,1
186,28653,2020-06-10 15:35:35.435835,1,1
189,6619,2024-08-25 03:39:16.110988,1,1
197,19932,2021-10-30 21:13:09.719288,1,1
198,17286,2023-09-04 20:25:09.944947,1,1
204,36630,2023-02-26 14:54:46.105543,1,1
213,15502,2020-04-28 11:40:03.137710,1,1
214,15674,2023-03-09 12:51:26.928088,1,1
217,21115,2020-02-16 12:52:51.931496,1,1
219,1795,2025-12-03 09:27:42.737393,1,1
222,25301,2022-06-09 15:44:20.463401,1,1
225,478,2020-05-15 14:36:17.986355,1,1
229,2647,2025-04-13 17:57:13.488451,1,1
233,19021,2020-12-27 23:54:55.506410,1,1
247,10036,2025-01-24 16:15:34.152032,1,1
253,20951,2022-06-01 00:04:47.421605,1,1
254,36222,2024-10-14 10:34:57.921365,1,1
257,37112,2023-11-01 15:36:21.927875,1,1
277,21808,2021-04-11 23:46:51.607420,1,1
278,1110,2022-05-17 10:44:18.466901,1,1
284,26827,2024-10-02 14:37:14.730659,1,1
287,21264,2021-02-14 20:45:12.307868,1,1
306,2118,2025-06-24 23:22:56.966365,1,1
307,11101,2025-01-22 04:47:10.280242,1,1
314,30151,2025-07-27 12:01:49.433635,1,1
315,18791,2022-06-03 23:14:24.795981,1,1
319,33511,2024-02-14 01:13:12.917419,1,1
320,19451,2022-07-30 22:54:23.008567,1,1
337,31745,2023-05-10 23:03:06.997802,1,1
338,14232,2025-07-23 09:10:35.079947,1,1
339,22570,2022-04-28 20:57:19.535569,1,1
342,27524,2022-05-21 20:15:31.247593,1,1
344,4799,2022-11-30 11:24:08.312606,1,1
349,17987,2021-12-31 08:13:08.319456,1,1
353,31384,2022-05-10 05:41:12.884144,1,1
354,30266,2023-05-31 06:19:51.900993,1,1
355,33039,2025-08-25 02:26:56.424666,1,1
356,13242,2023-08-10 13:41:25.402191,1,1
370,18774,2020-03-12 13:05:50.934087,1,1
378,29966,2024-02-05 21:19:26.402908,1,1
382,2218,2024-11-10 20:24:18.655307,1,1
390,4463,2022-12-16 21:49:19.505548,1,1
396,25162,2022-07-14 04:53:48.044948,1,1
397,19866,2020-10-26 21:44:15.504101,1,1
405,24828,2024-10-16 23:59:26.945938,1,1
409,23856,2025-05-29 14:32:37.668202,1,1
416,10233,2024-05-03 17:38:11.705741,1,1
418,12970,2023-04-25 09:23:19.875249,1,1
427,18346,2024-07-07 14:51:30.282886,1,1
431,29990,2023-04-29 08:38:20.661670,1,1
436,703,2023-08-03 15:08:03.853508,1,1
438,36387,2020-03-24 05:10:40.971734,1,1
440,7112,2022-10-11 19:01:28.480739,1,1
442,37511,2022-07-22 21:20:56.401935,1,1
443,31966,2023-04-28 19:04:48.778275,1,1
445,13176,2023-03-30 19:53:59.995811,1,1
450,20029,2020-04-09 16:49:30.241155,1,1
451,6390,2022-10-11 21:55:36.141744,1,1
460,21325,2024-07-09 21:01:33.736131,1,1
462,9036,2021-06-09 02:46:27.461014,1,1
466,373,2022-10-15 04:04:11.437240,1,1
468,19174,2025-08-31 16:11:57.251642,1,1
478,10819,2020-12-20 20:21:49.106131,1,1
480,17424,2020-09-18 07:19:05.970609,1,1
481,10625,2025-12-16 15:15:47.405518,1,1
500,21947,2026-01-24 15:55:54.267540,1,1
503,13391,2024-08-15 18:29:13.455532,1,1
513,6098,2022-08-13 17:38:39.691733,1,1
514,30318,2024-11-06 16:15:07.325917,1,1
528,35234,2021-01-19 22:39:33.545106,1,1
530,34532,2022-02-17 17:55:09.926534,1,1
534,35572,2025-02-18 10:13:57.296159,1,1
536,13209,2025-04-09 22:39:52.359023,1,1
539,29438,2021-12-17 06:20:24.375096,1,1
545,33005,2022-12-02 13:59:25.805838,1,1
548,26979,2021-03-18 02:09:35.701294,1,1
559,32874,2021-02-07 19:22:54.874428,1,1
560,3807,2021-05-06 02:22:56.381746,1,1
563,17489,2023-04-10 12:36:55.729230,1,1
565,24072,2022-02-15 10:17:24.556496,1,1
566,35925,2024-03-18 05:45:38.756005,1,1
567,29579,2023-04-09 04:58:47.487955,1,1
574,9321,2024-04-11 19:24:21.041022,1,1
585,3428,2023-09-09 04:31:06.342046,1,1
589,16233,2020-12-27 05:01:03.690766,1,1
591,5947,2023-05-26 15:08:54.186385,1,1
596,28143,2020-02-21 12:14:01.980623,1,1
598,26121,2024-01-02 10:37:20.410652,1,1
605,8076,2020-04-11 15:51:21.896391,1,1
607,5159,2024-09-17 20:57:19.117248,1,1
608,11688,2024-08-04 14:15:23.247033,1,1
609,25882,2020-03-30 06:25:37.203545,1,1
610,34750,2021-09-16 23:03:38.888613,1,1
619,19239,2021-04-23 16:47:00.652229,1,1
624,28519,2024-04-16 09:16:16.115732,1,1
631,28335,2023-08-03 22:13:15.518534,1,1
641,18017,2025-01-31 21:35:42.535674,1,1
656,16117,2023-07-05 03:48:10.953905,1,1
658,34801,2023-01-09 15:24:54.906130,1,1
659,21274,2023-04-02 01:29:29.384213,1,1
661,4341,2021-05-09 01:47:56.749446,1,1
663,29794,2025-09-06 09:08:48.573580,1,1
674,25916,2021-12-09 04:26:32.048703,1,1
683,19196,2024-01-10 01:31:43.644608,1,1
684,14677,2022-11-22 03:29:56.129083,1,1
692,1553,2021-03-27 19:38:22.750169,1,1
694,30430,2022-03-18 11:05:41.561519,1,1
695,2258,2024-01-15 12:19:43.419662,1,1
698,9260,2023-05-03 06:56:42.321140,1,1
700,14200,2020-03-15 01:40:07.619238,1,1
710,15436,2024-07-02 17:27:56.366147,1,1
713,11018,2023-12-21 09:55:52.740221,1,1
715,3991,2021-12-29 14:48:50.596920,1,1
724,10262,2023-02-16 03:35:54.576997,1,1
1,17311,2022-01-22 21:51:09.811617,1,1
742,124,2023-01-14 00:39:39.306699,1,1
748,21797,2024-08-17 06:33:54.818062,1,1
763,15122,2021-07-06 22:41:04.734139,1,1
767,19431,2020-11-19 12:50:31.887191,1,1
773,17976,2024-09-03 16:53:23.377578,1,1
774,17376,2022-06-11 20:33:57.614093,1,1
777,29798,2025-09-07 05:20:07.445477,1,1
787,13622,2021-06-18 21:35:11.637221,1,1
788,35270,2020-06-15 02:07:50.917274,1,1
790,17606,2020-08-18 15:43:16.657133,1,1
792,17037,2021-07-14 05:32:38.115404,1,1
794,21579,2020-01-22 07:16:13.553835,1,1
797,20655,2021-11-05 22:44:42.056381,1,1
799,31581,2023-02-11 18:02:03.994231,1,1
808,30667,2025-04-05 17:02:02.717622,1,1
816,18084,2020-04-28 18:41:14.075785,1,1
820,23498,2020-02-04 17:04:36.229132,1,1
821,1500,2024-07-10 17:23:49.829535,1,1
825,32176,2024-03-28 11:44:26.587410,1,1
833,25007,2021-11-08 09:04:29.618486,1,1
836,10949,2023-10-31 22:02:22.896445,1,1
839,19836,2022-10-01 08:22:38.224694,1,1
844,4889,2023-12-08 06:53:56.332643,1,1
849,28236,2024-01-11 10:53:14.312810,1,1
853,14172,2024-05-31 02:48:38.807976,1,1
854,27223,2020-10-07 09:48:09.354238,1,1
857,5604,2025-01-09 16:54:11.695736,1,1
865,36068,2024-07-30 00:27:28.756598,1,1
868,24978,2024-07-17 19:50:58.462457,1,1
869,19047,2025-10-27 06:22:00.880777,1,1
877,16494,2020-10-18 22:12:55.104057,1,1
881,36435,2024-04-14 11:09:49.228401,1,1
900,15142,2023-04-24 07:14:28.861402,1,1
901,31222,2021-12-19 07:29:41.762376,1,1
910,25127,2025-08-30 05:01:01.979918,1,1
914,11327,2021-04-13 16:10:28.884776,1,1
922,19722,2022-09-04 05:13:32.682639,1,1
923,34641,2020-04-14 01:32:06.413667,1,1
925,9691,2026-01-03 16:53:18.161538,1,1
931,847,2026-01-05 07:37:14.970918,1,1
933,20215,2022-10-05 15:00:48.541075,1,1
941,619,2025-08-01 22:42:31.251860,1,1
942,16998,2025-11-12 02:04:46.013522,1,1
948,21223,2022-01-29 14:49:53.731362,1,1
949,4929,2025-10-03 11:22:53.294297,1,1
951,21018,2024-05-27 15:17:03.138039,1,1
959,23786,2022-05-22 04:54:38.988736,1,1
966,2120,2022-10-07 11:51:32.318700,1,1
968,37297,2021-01-26 18:09:36.624929,1,1
969,17596,2025-03-26 07:33:57.530366,1,1
973,16902,2022-04-29 06:51:32.601637,1,1
977,32582,2025-11-07 19:23:06.057778,1,1
990,7779,2022-10-03 11:48:39.572517,1,1
998,14797,2022-08-15 07:48:22.386258,1,1
999,25231,2024-09-25 07:38:36.777092,1,1
1001,31892,2023-12-02 17:06:51.704168,1,1
1005,3943,2023-01-16 12:59:14.252535,1,1
1008,32060,2024-11-25 09:58:41.107786,1,1
1015,27007,2020-05-06 07:24:32.210803,1,1
1016,4478,2023-09-06 17:59:26.946199,1,1
1020,9480,2023-08-26 00:22:23.259484,1,1
1030,24242,2020-07-12 01:44:44.735627,1,1
1039,714,2022-12-26 23:48:18.384682,1,1
1057,33915,2025-06-23 03:17:03.905130,1,1
1060,19991,2024-05-23 00:34:29.773218,1,1
1070,11840,2024-03-20 04:47:08.322710,1,1
1071,2629,2025-03-29 03:18:21.821937,1,1
1087,8779,2023-07-03 18:53:28.153151,1,1
1092,24589,2021-04-29 16:36:29.885398,1,1
1094,18205,2024-06-06 06:11:56.434562,1,1
1098,1994,2026-01-09 03:32:49.112970,1,1
1099,37285,2024-12-04 01:45:40.921929,1,1
1102,21549,2020-04-13 10:18:43.985944,1,1
1104,24710,2023-08-14 02:48:41.797687,1,1
1106,17575,2022-08-09 02:01:02.950579,1,1
1110,25849,2021-11-01 07:48:36.186719,1,1
1123,28452,2022-01-17 08:10:46.463449,1,1
1125,4250,2023-04-04 23:43:32.143494,1,1
1126,6544,2024-06-24 17:32:16.647122,1,1
1132,14792,2021-05-17 03:07:31.591240,1,1
1133,24009,2020-08-18 00:30:19.237694,1,1
1139,36747,2022-02-06 04:28:17.946919,1,1
1141,33659,2023-08-29 01:52:51.352137,1,1
1146,4761,2021-12-04 14:29:21.645478,1,1
1150,17191,2021-02-07 21:00:40.058556,1,1
1160,7114,2024-04-11 12:13:43.309429,1,1
1169,16854,2024-02-27 22:46:56.182558,1,1
1207,25395,2025-04-26 09:14:31.378662,1,1
1208,7990,2022-12-17 11:06:17.009584,1,1
1213,23034,2021-09-26 00:43:18.731336,1,1
1215,25130,2025-04-03 07:20:49.288918,1,1
1218,31081,2020-08-04 00:24:24.604174,1,1
1231,26223,2025-06-25 15:51:06.636104,1,1
1234,9320,2024-03-30 19:24:21.041022,1,1
1239,35924,2024-01-05 05:58:53.228402,1,1
1242,934,2024-09-07 01:49:13.299413,1,1
1245,11086,2021-07-14 05:37:10.787183,1,1
1246,5168,2022-09-10 11:53:51.647636,1,1
1247,11750,2025-10-01 23:52:09.707626,1,1
1251,13323,2021-10-25 08:53:36.546213,1,1
1253,16625,2025-01-16 18:01:27.731878,1,1
1256,22916,2024-09-29 23:12:59.785594,1,1
1261,4850,2021-04-16 11:59:46.729815,1,1
1265,15208,2024-08-15 10:17:51.060107,1,1
1269,2962,2020-07-05 00:58:56.480539,1,1
1283,5848,2022-11-13 15:09:13.976972,1,1
1299,7130,2021-08-02 02:00:19.527595,1,1
1309,24634,2021-03-20 03:05:32.108472,1,1
1339,13436,2023-04-16 16:56:03.685121,1,1
1347,22160,2024-02-04 02:16:47.487323,1,1
1350,231,2021-06-16 02:35:01.123732,1,1
1354,29046,2020-05-06 09:29:51.381278,1,1
1355,2620,2023-01-17 18:18:25.804633,1,1
1357,15895,2020-01-09 15:12:41.444797,1,1
1361,28688,2021-10-23 11:00:49.466376,1,1
1366,7950,2024-10-18 12:14:14.604724,1,1
1370,9023,2024-04-15 18:41:18.387622,1,1
1384,30277,2024-04-30 23:12:33.764045,1,1
1385,19100,2023-05-30 02:07:49.572192,1,1
1389,33786,2022-03-15 02:38:26.404718,1,1
1393,26361,2021-10-19 07:31:24.764552,1,1
1398,5422,2020-04-19 03:17:29.932754,1,1
1403,21838,2020-06-10 02:45:05.445725,1,1
1406,14,2023-10-04 07:31:23.108512,1,1
1407,28071,2020-03-27 23:52:57.624176,1,1
1410,13248,2024-07-03 22:03:48.779373,1,1
1414,22348,2020-10-11 05:24:47.060836,1,1
1422,4029,2022-10-11 08:31:18.418160,1,1
1435,8744,2025-04-17 21:38:29.516409,1,1
1453,20294,2025-03-25 23:50:41.327002,1,1
1454,36527,2023-09-28 16:55:59.441062,1,1
1456,14727,2025-03-30 19:09:33.942278,1,1
1460,17171,2024-03-08 21:26:14.745766,1,1
1467,5533,2024-11-16 20:16:51.879264,1,1
1468,5242,2020-09-20 07:09:07.943196,1,1
1471,6121,2025-02-24 09:17:06.428678,1,1
1480,1084,2025-06-01 15:53:27.040665,1,1
1486,4254,2025-03-06 15:09:03.156803,1,1
1489,30840,2025-11-27 10:03:28.458696,1,1
1493,1376,2020-05-05 18:34:39.895988,1,1
1495,9395,2022-07-06 08:09:56.950689,1,1
1502,10182,2024-06-17 08:39:55.273255,1,1
1506,23983,2024-04-25 02:34:29.745375,1,1
1507,26404,2020-04-13 11:59:15.380703,1,1
1535,14248,2020-12-16 21:05:43.441817,1,1
1536,20471,2020-02-16 14:23:18.661101,1,1
1545,14107,2020-02-20 20:04:00.345457,1,1
1549,12619,2023-04-14 21:09:39.758611,1,1
1555,33169,2020-10-09 13:06:34.073613,1,1
1558,21565,2021-05-02 08:02:25.244697,1,1
1564,2665,2020-03-22 02:08:17.727939,1,1
1567,2923,2021-02-15 23:37:21.201392,1,1
1569,31140,2024-03-31 17:23:34.296195,1,1
1573,8460,2025-03-28 15:42:52.842786,1,1
1581,18872,2021-08-26 12:02:39.770029,1,1
1584,5227,2025-03-27 01:35:47.675197,1,1
1593,30636,2024-12-10 04:56:50.994273,1,1
1601,2985,2020-08-31 08:31:28.195779,1,1
1608,15183,2024-09-26 20:40:36.211646,1,1
1612,30429,2022-03-07 11:05:41.561519,1,1
1613,8276,2025-01-12 22:32:52.861113,1,1
1622,18118,2022-07-20 13:08:44.876171,1,1
1623,251,2021-01-04 21:40:10.849771,1,1
1633,30254,2023-09-23 01:04:02.378621,1,1
1635,29512,2026-01-16 01:11:50.281462,1,1
1640,22980,2022-12-05 16:15:01.600493,1,1
1647,12918,2021-11-16 20:53:32.610979,1,1
1653,36488,2025-01-06 17:46:24.720809,1,1
1659,23965,2020-04-08 09:59:19.282724,1,1
1661,16685,2020-07-09 23:38:15.205420,1,1
1668,29083,2024-08-02 02:18:45.989999,1,1
1669,32533,2022-10-10 03:32:29.762264,1,1
1673,3948,2025-08-08 00:19:05.213912,1,1
1677,2727,2022-01-13 16:38:02.128625,1,1
1681,23155,2022-12-08 03:18:26.426197,1,1
1682,32307,2021-04-30 11:48:27.799780,1,1
1685,31689,2022-01-14 02:39:40.373906,1,1
1698,27936,2023-04-11 00:49:59.117002,1,1
1706,28391,2022-03-11 16:46:52.070024,1,1
1715,9363,2025-08-05 04:16:58.321003,1,1
1719,18232,2024-08-20 14:05:08.611287,1,1
1721,5818,2020-12-05 18:18:40.937290,1,1
1727,10879,2024-07-28 07:35:39.048511,1,1
1736,22791,2024-05-19 01:07:05.184183,1,1
1737,18962,2021-02-05 08:56:04.559499,1,1
1739,5360,2020-10-31 07:41:30.906352,1,1
1742,5280,2024-03-08 00:14:40.665694,1,1
1755,16922,2025-04-05 23:32:25.377364,1,1
1757,7719,2024-11-08 18:29:46.839427,1,1
1761,25173,2021-12-09 23:59:27.301010,1,1
1764,29949,2024-02-03 18:18:41.685865,1,1
1767,14952,2021-10-29 15:02:09.570530,1,1
1772,22144,2020-11-04 07:33:10.180520,1,1
1775,33287,2022-09-21 07:18:06.325660,1,1
1778,26109,2023-06-04 01:09:03.957603,1,1
1780,35176,2023-06-06 11:58:06.779335,1,1
1783,10609,2020-10-02 05:56:12.673974,1,1
1788,3978,2021-08-19 20:39:01.873706,1,1
1791,20150,2022-10-01 15:19:55.887122,1,1
1795,30737,2025-02-23 21:18:24.344163,1,1
1797,1067,2025-07-22 20:41:38.928923,1,1
1804,24158,2025-04-21 18:58:43.762826,1,1
1810,4097,2021-10-27 23:40:28.728766,1,1
1812,19827,2025-10-25 12:56:56.110130,1,1
1826,29614,2020-06-16 06:33:39.377905,1,1
1838,19813,2025-04-09 09:25:45.507339,1,1
1841,5305,2021-07-03 00:07:58.736527,1,1
1843,3487,2024-10-08 07:21:16.058808,1,1
1844,33319,2024-07-19 21:54:10.792577,1,1
1845,19910,2020-09-25 19:37:43.066012,1,1
1859,3947,2025-08-26 00:19:05.213912,1,1
1868,32015,2021-01-10 10:51:54.633440,1,1
1872,35192,2022-12-16 06:10:19.782608,1,1
1888,39442,2025-12-30 09:27:11.872828,1,1
1891,38843,2025-12-29 18:29:42.620018,1,1
1892,38783,2023-06-23 11:26:54.394106,1,1
1898,39172,2024-09-28 23:08:28.084454,1,1
1904,39250,2025-11-22 13:06:06.332681,1,1
1905,38872,2024-09-04 16:46:28.545121,1,1
1906,39107,2025-12-30 06:45:48.452900,1,1
1912,38702,2025-12-21 21:42:39.467251,1,1
1916,38568,2023-04-30 01:36:49.608070,1,1
1918,39289,2022-01-10 11:20:02.023096,1,1
1922,39229,2023-06-05 05:59:18.568983,1,1
1923,38984,2023-05-12 10:06:39.054183,1,1
1924,39358,2024-09-11 04:44:01.831002,1,1
1928,39493,2025-12-02 11:25:50.789738,1,1
1929,39534,2023-07-18 02:56:34.218326,1,1
1163,34002,2025-06-18 23:41:55.193972,1,4
148,15090,2020-02-15 20:16:40.040564,1,4
1193,10987,2024-05-29 20:21:56.727318,1,4
384,27657,2023-10-25 07:42:41.165419,1,4
1352,28590,2023-07-26 06:33:35.668184,1,4
383,32700,2026-01-10 12:38:32.876343,1,4
381,13311,2023-09-17 07:35:14.433434,1,4
564,4050,2025-06-25 07:13:47.018777,1,4
155,28482,2024-12-21 05:14:57.192359,1,4
1550,35439,2025-10-21 22:50:33.993718,1,4
735,24531,2025-02-17 07:45:51.399929,1,4
1552,3276,2024-03-15 14:59:58.132071,1,4
380,30878,2022-08-01 04:30:17.596995,1,4
762,35189,2025-03-30 15:07:31.046270,1,4
1820,11035,2024-07-02 22:57:07.569212,1,4
8,10557,2024-05-16 03:19:00.012601,1,4
1359,13092,2025-11-15 15:09:50.824098,1,4
93,24717,2021-02-23 00:55:35.553606,1,4
1360,25144,2024-08-19 15:32:59.463012,1,4
1821,24230,2022-02-05 14:49:16.848886,1,4
1362,10744,2022-03-28 09:22:05.777800,1,4
375,17937,2023-07-14 15:46:14.059157,1,4
555,3693,2022-07-29 21:39:14.181501,1,4
554,9335,2021-11-14 20:24:05.598767,1,4
547,27256,2023-10-10 00:13:24.760746,1,4
1822,25426,2021-01-05 11:41:16.455698,1,4
546,36549,2022-08-11 03:18:16.326002,1,4
1368,4128,2021-07-09 17:12:43.951695,1,4
1369,22103,2025-12-17 15:32:24.850095,1,4
1570,984,2023-10-14 06:54:35.842230,1,4
373,13709,2024-09-10 04:33:21.315001,1,4
371,33590,2022-08-21 20:42:35.258387,1,4
1860,37516,2025-06-13 04:43:37.835359,1,4
367,27087,2023-01-19 01:46:32.977749,1,4
1823,9427,2021-02-02 09:54:13.004275,1,4
1576,14401,2025-10-16 07:34:15.521642,1,4
366,34522,2024-10-17 05:13:21.560870,1,4
543,27347,2021-02-11 12:21:42.413681,1,4
734,26294,2022-08-10 00:51:02.005156,1,4
537,9868,2023-03-09 17:42:53.717030,1,4
759,7677,2021-09-19 22:26:25.333528,1,4
1582,33618,2020-11-05 03:46:28.213383,1,4
1199,12459,2020-12-18 03:52:22.149907,1,4
1167,10351,2021-11-11 12:48:36.467429,1,4
362,10906,2023-09-21 13:19:30.814908,1,4
1586,1501,2024-07-19 17:23:49.829535,1,4
1587,11387,2023-02-26 02:26:23.512219,1,4
1588,9997,2021-10-20 05:25:25.348289,1,4
1377,6995,2023-07-04 03:43:33.848463,1,4
1590,24775,2021-09-07 16:43:34.542322,1,4
532,34868,2021-01-03 08:37:50.187146,1,4
358,35619,2025-12-24 05:09:37.527208,1,4
1137,21436,2023-05-20 11:17:47.915415,1,4
352,16395,2021-11-08 07:21:51.525517,1,4
350,522,2024-01-29 22:38:25.607939,1,4
687,8084,2021-04-06 10:34:05.534002,1,4
167,35222,2021-12-31 21:25:55.759030,1,4
1598,3811,2024-11-25 17:05:48.065823,1,4
345,34702,2023-03-20 09:04:14.211142,1,4
529,27365,2024-12-13 04:11:59.542668,1,4
1864,26627,2023-11-01 13:02:40.752193,1,4
526,36106,2025-03-21 08:32:11.241013,1,4
1603,16794,2021-05-04 15:32:15.462933,1,4
1604,7201,2024-06-11 19:36:19.823700,1,4
1824,25159,2025-05-08 02:16:47.098517,1,4
330,27136,2020-12-01 18:16:42.251976,1,4
139,36953,2021-04-25 19:29:33.578915,1,4
686,23004,2024-08-21 05:30:59.869792,1,4
524,6834,2021-10-22 11:16:43.416754,1,4
1610,17281,2021-05-26 21:19:39.921792,1,4
327,37249,2022-01-21 11:27:32.241682,1,4
68,34557,2023-09-07 19:26:23.612652,1,4
523,1935,2025-04-01 00:29:34.679308,1,4
17,23722,2022-09-22 08:13:18.189026,1,4
1390,32305,2021-05-09 11:48:27.799780,1,4
1616,8896,2023-01-04 13:20:19.864312,1,4
1617,18698,2024-11-01 11:40:02.604895,1,4
1618,16327,2025-01-05 06:18:11.650525,1,4
1619,28777,2020-10-23 09:33:06.517115,1,4
325,3842,2024-11-08 16:28:34.086717,1,4
1391,13722,2021-04-07 15:20:44.811321,1,4
2,7825,2022-07-08 20:44:32.457955,1,4
1869,24627,2022-09-13 02:08:32.950520,1,4
1152,13489,2022-07-10 19:35:59.842526,1,4
1625,30004,2022-10-23 03:36:10.006740,1,4
323,300,2023-09-01 06:55:24.232333,1,4
1627,28673,2020-02-15 04:12:13.908583,1,4
1264,31116,2024-12-15 07:46:06.177849,1,4
312,13508,2023-12-12 12:21:43.522338,1,4
311,6626,2020-07-31 11:55:16.938435,1,4
1909,38824,2025-10-31 08:47:50.149144,1,4
310,29343,2020-03-10 04:46:42.021175,1,4
521,17036,2021-08-07 05:32:38.115404,1,4
1266,25584,2021-04-07 06:06:12.705574,1,4
64,24994,2024-04-23 15:02:43.193115,1,4
309,14577,2022-06-26 10:33:13.602621,1,4
1153,9700,2021-03-23 20:51:12.142342,1,4
137,23044,2023-04-08 16:57:21.032488,1,4
1205,7608,2020-09-22 16:59:21.497177,1,4
153,2000,2020-05-13 10:19:44.050515,1,4
1641,11998,2024-07-16 09:58:37.244319,1,4
1642,18306,2023-10-09 14:52:09.396181,1,4
1643,35306,2022-08-08 05:12:16.519008,1,4
1644,12236,2022-08-26 06:42:30.276029,1,4
1401,25519,2022-10-01 22:59:51.403955,1,4
1402,9003,2021-09-13 22:20:14.336884,1,4
730,14874,2021-12-19 17:51:06.970122,1,4
1271,10760,2024-09-12 15:55:49.504780,1,4
676,30219,2025-11-03 07:02:49.905104,1,4
301,10107,2025-08-31 04:39:36.836225,1,4
1830,23902,2024-03-26 00:42:05.538452,1,4
165,2957,2022-02-27 12:09:19.574385,1,4
58,2015,2022-01-08 17:14:34.353332,1,4
298,9337,2021-11-02 20:24:05.598767,1,4
293,30484,2022-01-23 02:19:28.571831,1,4
675,4198,2026-01-09 18:24:49.307355,1,4
1657,12299,2025-06-26 21:52:10.426979,1,4
290,20292,2023-04-15 03:30:27.802183,1,4
57,6319,2025-05-25 08:56:11.720180,1,4
1275,28290,2025-09-25 04:44:53.186319,1,4
1926,39303,2022-04-25 13:52:36.056711,1,4
273,37158,2021-12-29 01:36:41.682366,1,4
1209,27323,2024-12-29 09:26:07.560227,1,4
270,22441,2025-02-03 19:17:56.916799,1,4
511,12813,2024-06-13 09:24:56.765840,1,4
507,31723,2025-11-01 07:47:15.352554,1,4
1667,36045,2024-11-13 07:02:25.747393,1,4
50,15178,2023-05-22 00:57:05.865178,1,4
669,31981,2023-05-12 14:10:41.133015,1,4
1670,37380,2020-07-10 23:40:01.980054,1,4
1671,29266,2020-02-24 18:20:37.944455,1,4
1279,35520,2024-04-17 00:05:05.801755,1,4
505,31681,2024-05-17 07:13:43.772536,1,4
1417,34884,2021-01-26 04:03:19.513170,1,4
729,9280,2022-09-27 14:34:01.587855,1,4
665,25186,2023-12-15 08:50:59.256880,1,4
46,27532,2022-10-18 20:11:08.833487,1,4
502,34597,2020-07-18 03:16:57.728963,1,4
258,6370,2021-04-08 08:58:35.464332,1,4
1421,13331,2021-09-10 09:04:30.600607,1,4
129,30775,2025-07-28 18:26:09.570226,1,4
38,13393,2024-05-18 06:55:59.342139,1,4
1683,36399,2024-01-11 09:48:13.100773,1,4
1423,9527,2021-01-13 17:54:09.341087,1,4
1883,38725,2023-06-24 16:49:59.373683,1,4
171,15404,2021-04-22 02:10:22.960135,1,4
1687,27744,2021-11-19 00:10:05.286478,1,4
1688,29814,2020-02-27 18:39:01.181338,1,4
498,19769,2021-10-28 16:38:04.838502,1,4
1426,6684,2021-01-02 09:49:53.088649,1,4
1691,28574,2024-01-15 20:40:37.886462,1,4
19,12688,2022-11-27 15:40:56.601263,1,4
1693,4538,2025-11-23 12:20:42.565874,1,4
1428,7338,2023-04-22 08:55:12.808072,1,4
1695,13674,2021-11-23 10:18:38.265117,1,4
662,21345,2021-05-18 12:36:09.664539,1,4
490,9479,2022-04-02 08:53:36.254462,1,4
1790,24764,2021-03-08 12:31:55.877534,1,4
1699,244,2022-02-04 04:34:01.186945,1,4
485,29868,2020-03-01 09:39:41.064320,1,4
243,30049,2025-02-09 09:23:28.508603,1,4
1702,31497,2021-05-30 01:59:36.543575,1,4
654,9140,2021-07-15 14:38:08.041429,1,4
1434,1890,2020-09-12 23:27:13.744747,1,4
1705,18108,2024-05-20 16:30:13.498584,1,4
753,15489,2023-03-10 07:34:48.074076,1,4
240,27158,2020-06-06 20:27:15.885289,1,4
237,35922,2024-02-06 05:58:53.228402,1,4
474,11762,2023-09-07 01:12:59.485529,1,4
1710,28854,2023-11-19 23:51:05.510168,1,4
231,36819,2024-08-03 05:41:11.706012,1,4
1437,32512,2023-07-11 15:23:24.632393,1,4
228,8504,2024-11-24 17:43:51.485402,1,4
473,9880,2021-07-20 01:18:58.844994,1,4
37,11632,2020-10-27 23:57:09.785688,1,4
652,22262,2025-10-05 01:25:40.268455,1,4
1440,28888,2021-05-01 21:05:57.055903,1,4
1441,16533,2021-07-08 19:58:33.492307,1,4
1442,23218,2024-12-23 02:46:00.501191,1,4
224,34882,2022-01-01 04:04:11.267974,1,4
12,19215,2026-02-01 20:07:00.854187,1,4
471,6019,2024-11-09 07:39:09.107394,1,4
770,4980,2022-06-28 04:12:28.859784,1,4
1724,31641,2025-10-01 04:31:11.387347,1,4
645,2774,2024-12-20 03:49:58.631224,1,4
215,20269,2021-06-12 23:08:06.963521,1,4
1446,30096,2024-12-09 03:36:38.500427,1,4
1447,29534,2025-02-14 02:26:40.633583,1,4
1729,812,2022-06-21 11:42:16.804139,1,4
1730,17393,2023-08-23 06:31:53.741098,1,4
1176,8355,2020-11-12 13:19:26.049493,1,4
1732,25838,2024-04-22 13:02:05.755468,1,4
1216,19292,2023-09-21 20:50:05.680224,1,4
1734,32952,2022-04-21 10:23:15.518639,1,4
1735,23338,2023-03-19 14:41:45.685733,1,4
1932,39244,2023-05-14 10:29:08.731391,1,4
643,12112,2023-10-28 16:52:52.203504,1,4
1738,28125,2021-09-26 10:51:17.325227,1,4
1452,57,2023-08-05 21:14:32.906703,1,4
642,15786,2021-03-04 14:14:23.892411,1,4
1798,33882,2025-12-20 04:29:02.418322,1,4
749,23132,2022-07-07 23:53:53.419839,1,4
208,27717,2026-01-30 12:58:25.446794,1,4
207,5559,2023-05-21 17:10:23.153346,1,4
1927,38804,2022-03-16 15:50:36.752832,1,4
1746,16577,2024-07-05 20:57:58.853150,1,4
639,25027,2023-05-16 19:48:59.089370,1,4
199,29343,2020-03-26 04:46:42.021175,1,4
1179,28913,2021-03-28 11:58:23.715284,1,4
1459,8955,2023-05-16 18:49:47.341552,1,4
1180,10481,2020-07-20 12:18:33.657598,1,4
1461,24291,2023-10-30 04:54:49.607549,1,4
954,37315,2025-01-15 16:15:14.540575,1,4
955,17386,2020-10-22 01:48:58.156135,1,4
712,33181,2023-11-10 01:13:04.261440,1,4
1302,25268,2021-02-26 23:23:24.314156,1,4
945,12801,2025-05-01 05:31:22.866268,1,4
1753,10163,2025-03-16 16:45:25.898433,1,4
960,29954,2024-08-12 18:05:29.358496,1,4
940,35207,2025-12-17 11:57:32.056462,1,4
635,8050,2024-07-09 05:11:22.020004,1,4
1223,18495,2022-01-17 19:48:28.236343,1,4
1305,4815,2025-01-02 15:51:22.578922,1,4
1306,20870,2023-08-05 12:33:21.084432,1,4
746,24327,2024-10-05 03:27:37.479048,1,4
1225,3179,2021-11-07 17:18:07.863260,1,4
33,21972,2021-01-07 20:11:34.237898,1,4
1470,25931,2023-04-07 09:19:34.462040,1,4
1842,28281,2025-06-26 07:43:15.960176,1,4
708,3811,2024-12-03 17:05:48.065823,1,4
935,16341,2020-12-28 12:23:58.254301,1,4
456,34924,2022-08-10 02:44:11.090838,1,4
932,13549,2023-06-05 09:08:58.955405,1,4
975,3960,2022-06-13 15:53:45.130580,1,4
976,25002,2024-12-20 20:58:11.034783,1,4
1758,16692,2024-06-05 13:37:58.577518,1,4
633,35035,2025-08-14 00:13:36.623138,1,4
706,1056,2025-10-20 07:09:28.651301,1,4
704,36512,2025-11-28 10:52:55.445863,1,4
1158,21234,2022-12-25 08:26:11.708587,1,4
982,22088,2020-10-26 21:57:27.258856,1,4
983,3703,2024-02-19 19:38:34.985866,1,4
441,3319,2022-11-14 08:31:11.917460,1,4
927,36207,2021-10-10 23:34:55.637201,1,4
921,33180,2023-10-08 11:31:57.435148,1,4
1314,493,2022-11-21 23:53:59.300000,1,4
1914,39514,2024-08-29 10:42:57.040111,1,4
989,23243,2021-05-28 14:30:48.464046,1,4
435,24068,2025-07-27 05:28:05.708992,1,4
1315,5305,2021-06-24 00:07:58.736527,1,4
992,35337,2021-09-23 01:58:08.902573,1,4
915,23128,2021-01-21 04:48:04.933578,1,4
1483,21582,2021-02-20 12:54:25.495430,1,4
703,27445,2023-08-11 12:30:05.227831,1,4
912,20721,2021-12-18 21:26:20.356201,1,4
997,16566,2021-12-18 01:36:26.590363,1,4
1799,4565,2021-12-13 22:46:34.131649,1,4
1896,39370,2024-09-02 20:53:50.455741,1,4
911,22681,2021-10-13 13:20:51.893699,1,4
1318,30029,2023-08-24 02:48:16.493047,1,4
775,29598,2021-01-02 18:14:26.112029,1,4
908,29182,2025-05-23 06:58:56.686110,1,4
1004,23528,2023-09-20 13:13:42.411589,1,4
1763,6601,2020-12-20 12:39:48.615912,1,4
906,13636,2020-12-05 17:56:16.496083,1,4
430,31992,2025-02-24 14:45:18.782605,1,4
5,26690,2024-09-23 21:56:52.250072,1,4
1009,33130,2025-07-24 12:05:40.471463,1,4
903,8103,2022-11-08 23:10:18.526547,1,4
1011,19746,2020-06-07 05:22:27.551419,1,4
1012,4451,2023-07-11 09:29:09.442645,1,4
902,11973,2022-01-14 23:24:37.139004,1,4
1014,26948,2020-02-05 12:55:53.278141,1,4
428,22096,2025-07-12 19:17:21.781718,1,4
1766,16546,2025-01-30 05:28:46.811277,1,4
1491,627,2024-09-16 22:42:24.355069,1,4
898,1053,2025-10-26 07:09:28.651301,1,4
168,35867,2021-11-27 22:42:26.505696,1,4
6,6407,2025-05-21 02:50:29.511526,1,4
1846,22926,2025-07-24 06:46:52.523549,1,4
1022,32911,2023-08-09 08:14:47.081157,1,4
892,5044,2025-05-16 06:07:19.381144,1,4
1494,18105,2022-10-26 11:05:37.365274,1,4
124,2311,2021-03-18 08:27:58.113403,1,4
1026,31759,2024-08-30 16:37:00.262572,1,4
1027,4364,2021-10-01 09:52:07.655910,1,4
424,14767,2024-04-18 19:20:50.698610,1,4
1800,16010,2022-01-23 01:40:02.103925,1,4
191,16714,2021-06-06 11:39:05.314604,1,4
1498,35096,2024-12-16 23:09:52.345339,1,4
1322,15091,2020-02-08 20:16:40.040564,1,4
1323,6882,2025-01-05 16:09:31.693895,1,4
766,4487,2023-09-09 01:04:00.065269,1,4
1035,37531,2020-05-01 08:58:48.048217,1,4
884,3707,2021-01-11 14:09:30.003715,1,4
1236,21819,2022-09-01 14:20:21.045284,1,4
882,25385,2021-04-15 04:09:22.326471,1,4
190,37163,2020-02-26 18:16:52.184122,1,4
1040,27309,2021-03-13 11:18:08.406646,1,4
1041,1548,2020-05-08 18:27:12.426250,1,4
880,4160,2022-01-12 20:41:43.430820,1,4
606,36242,2022-11-20 16:34:40.761850,1,4
876,13141,2020-02-04 08:57:43.579431,1,4
1237,22380,2025-05-16 18:32:29.393560,1,4
875,3365,2021-07-06 15:02:04.448147,1,4
1047,31513,2023-06-17 03:11:00.938591,1,4
412,18261,2024-03-04 12:12:19.371453,1,4
696,34292,2021-03-25 05:46:44.524117,1,4
595,6200,2022-11-10 05:04:07.518014,1,4
739,33300,2022-05-01 17:00:49.224737,1,4
873,32645,2024-08-01 06:22:47.364216,1,4
872,23442,2025-10-24 14:34:56.769897,1,4
1054,36256,2020-12-20 13:26:34.585058,1,4
411,25380,2020-07-31 23:09:21.179713,1,4
870,9003,2021-09-17 22:20:14.336884,1,4
408,28822,2024-06-04 13:06:30.848436,1,4
1058,16971,2025-03-18 22:43:35.812623,1,4
1511,35434,2025-04-19 23:40:01.202803,1,4
1240,30389,2024-05-17 04:39:52.607377,1,4
1061,7131,2021-08-26 02:00:19.527595,1,4
862,24850,2024-09-11 15:36:04.986696,1,4
586,18619,2022-07-13 04:31:00.947135,1,4
1064,28644,2020-01-18 13:41:24.032648,1,4
778,20269,2021-06-14 23:08:06.963521,1,4
861,3623,2021-09-18 12:48:17.821916,1,4
859,28632,2025-01-30 01:34:14.282951,1,4
159,6934,2023-06-20 01:15:50.748189,1,4
1069,11213,2024-03-20 21:47:26.610968,1,4
31,28662,2020-07-30 00:21:36.310768,1,4
178,11527,2021-12-30 16:24:00.713040,1,4
406,29571,2024-09-28 21:40:34.699640,1,4
403,31060,2021-01-07 06:36:38.414479,1,4
1074,18949,2022-01-30 19:51:36.579992,1,4
845,14566,2024-12-03 12:32:11.271333,1,4
1188,18817,2022-08-26 04:26:46.877751,1,4
1077,15131,2026-01-14 12:13:04.962809,1,4
581,15544,2023-02-06 14:59:44.662683,1,4
1244,24660,2025-12-29 19:18:39.666316,1,4
1080,6189,2022-10-01 21:23:47.627719,1,4
1081,21189,2022-08-08 18:59:12.589392,1,4
843,1600,2023-09-08 20:41:18.473569,1,4
841,18952,2024-09-25 07:51:55.449175,1,4
838,17521,2023-08-21 03:12:02.218597,1,4
1085,6522,2025-05-06 05:52:55.753273,1,4
831,23791,2025-11-15 16:17:46.147298,1,4
176,7391,2024-12-04 04:42:46.335823,1,4
1521,20963,2021-05-07 01:11:56.393774,1,4
579,28731,2024-12-29 09:04:33.367717,1,4
1189,34481,2024-08-15 01:36:16.508358,1,4
1091,32124,2021-03-18 06:07:07.189981,1,4
1524,6945,2024-11-11 23:33:30.590940,1,4
827,36409,2023-07-29 10:33:27.596434,1,4
175,4413,2021-09-13 00:31:02.241319,1,4
1095,12,2023-10-27 07:31:23.108512,1,4
826,29768,2021-02-10 02:22:04.177476,1,4
824,1390,2023-03-28 14:48:05.856664,1,4
399,1900,2024-06-22 04:31:02.897800,1,4
28,6555,2023-01-27 19:11:02.575278,1,4
1100,4832,2021-03-01 09:11:09.409983,1,4
819,6003,2024-10-20 09:04:12.149016,1,4
1779,18629,2025-10-04 20:56:46.131319,1,4
818,5891,2023-04-14 03:27:38.832165,1,4
578,17667,2022-08-06 13:36:38.901216,1,4
1105,23040,2021-07-10 00:52:17.411661,1,4
398,35719,2022-10-15 05:47:07.963519,1,4
738,27887,2021-11-02 01:26:27.253229,1,4
1108,1379,2021-09-24 16:56:51.640398,1,4
814,21185,2021-02-22 20:39:29.118394,1,4
1782,28230,2025-11-29 04:13:51.680721,1,4
576,12113,2020-11-09 05:19:05.303080,1,4
1530,1198,2024-02-02 20:21:30.083185,1,4
805,14289,2022-06-19 12:57:13.472931,1,4
1114,14195,2021-05-20 11:46:11.556566,1,4
1115,19255,2022-06-06 02:59:35.577345,1,4
802,573,2023-08-29 11:07:24.863131,1,4
1117,3907,2025-05-06 04:53:20.012125,1,4
1118,552,2025-06-19 14:22:45.879553,1,4
1119,6999,2022-11-11 22:49:17.298661,1,4
801,8246,2023-06-23 05:23:20.640871,1,4
1343,37232,2021-06-27 15:10:04.198931,1,4
394,30160,2025-01-03 14:12:38.094779,1,4
573,30331,2023-04-12 05:12:13.963081,1,4
789,28082,2020-09-21 22:28:33.376460,1,4
391,8798,2026-02-07 02:02:05.028517,1,4
110,24161,2024-10-12 13:38:17.002709,1,4
1191,1273,2024-01-28 13:46:56.908548,1,4
1128,16416,2023-12-08 01:33:03.550694,1,4
1346,21472,2020-11-10 23:50:57.673076,1,4
1538,6588,2021-02-03 08:25:42.562103,1,4
691,27047,2023-05-12 21:41:39.179111,1,4
1786,6004,2024-03-30 22:47:06.192577,1,4
172,8592,2021-09-05 14:41:48.890370,1,4
1134,27434,2023-12-05 04:33:18.952871,1,4
572,3037,2021-07-10 20:53:11.650261,1,4
1112,36996,2021-08-08 10:44:07.692442,1,2
800,23741,2020-02-05 07:18:05.697837,1,2
798,6687,2024-01-01 23:05:55.565045,1,2
21,35208,2026-01-26 11:57:32.056462,1,2
1784,27777,2020-12-27 15:39:16.414349,1,2
1785,5452,2024-09-15 04:33:24.454728,1,2
1127,36599,2023-07-03 18:35:25.376696,1,2
1129,31958,2020-10-18 22:26:53.662094,1,2
786,10246,2022-10-11 09:45:08.051512,1,2
783,27109,2024-02-07 13:07:19.009515,1,2
1136,36845,2022-10-15 13:58:24.686223,1,2
1135,6873,2025-05-05 04:56:29.820144,1,2
781,12245,2025-07-30 14:33:48.966520,1,2
1140,13773,2022-07-05 19:26:40.737605,1,2
780,404,2020-02-19 04:45:39.384226,1,2
1144,28973,2024-07-07 16:33:30.300175,1,2
1145,33294,2024-10-08 06:37:48.506756,1,2
1147,29924,2022-03-18 12:05:43.450357,1,2
1149,15299,2021-09-12 13:27:02.426573,1,2
1151,8274,2025-12-10 03:30:09.647714,1,2
1154,6020,2024-11-27 07:39:09.107394,1,2
1155,20864,2020-05-24 08:31:43.399158,1,2
1157,23295,2021-07-07 23:19:51.077895,1,2
768,9843,2022-07-23 06:25:28.469275,1,2
765,9307,2023-04-21 10:33:17.361453,1,2
761,23670,2021-12-18 04:32:17.958042,1,2
1168,2852,2023-10-08 22:22:12.479026,1,2
758,12461,2022-07-13 23:52:24.700023,1,2
756,32662,2020-09-19 05:59:22.498303,1,2
754,24490,2024-10-30 08:59:17.640036,1,2
1173,34608,2025-09-11 13:03:43.919236,1,2
751,681,2026-01-01 00:51:47.737526,1,2
1177,33155,2021-07-25 03:19:23.956124,1,2
744,27309,2021-03-15 11:18:08.406646,1,2
743,34103,2024-05-06 13:42:55.536507,1,2
1184,14535,2021-12-13 11:45:54.437969,1,2
741,13488,2024-05-29 05:50:03.628732,1,2
1187,4983,2023-04-04 01:49:44.339773,1,2
737,4426,2021-11-02 07:43:23.964585,1,2
1195,10653,2023-08-24 21:01:10.759443,1,2
1196,20935,2024-06-11 21:00:50.311775,1,2
1198,14492,2022-01-16 22:30:18.072459,1,2
1200,18308,2024-12-02 15:38:08.378725,1,2
733,10171,2021-02-23 09:23:40.001038,1,2
732,37114,2026-01-02 21:11:28.433034,1,2
1203,25352,2020-06-04 23:59:22.509910,1,2
1204,28499,2020-06-20 20:30:24.445955,1,2
728,272,2025-11-28 14:50:00.077122,1,2
726,8479,2024-05-17 10:11:58.257936,1,2
1796,18003,2020-10-08 18:17:36.937155,1,2
1214,29380,2023-02-25 05:15:47.853046,1,2
20,37140,2023-03-11 05:41:43.111415,1,2
1217,21110,2024-05-04 14:04:42.087456,1,2
725,18269,2022-07-17 11:29:34.785641,1,2
720,10982,2025-03-17 04:46:55.400015,1,2
717,11460,2021-02-27 17:10:53.017668,1,2
711,8905,2020-09-20 00:21:33.550345,1,2
1229,587,2021-08-07 20:16:44.964249,1,2
1232,10889,2022-02-11 03:21:10.832785,1,2
702,15677,2020-03-31 17:56:10.548775,1,2
699,778,2021-02-12 05:05:07.574873,1,2
164,30598,2024-04-29 03:44:47.649496,1,2
1241,15295,2022-09-30 15:29:41.929806,1,2
1243,12313,2023-10-22 23:20:13.436964,1,2
1803,9349,2023-12-03 13:53:34.786638,1,2
1908,38920,2023-07-11 13:40:43.234245,1,2
156,20242,2021-06-16 14:34:16.223401,1,2
1249,7699,2024-03-25 08:02:18.029756,1,2
1250,10423,2025-11-16 02:16:41.167303,1,2
1252,7602,2021-09-03 11:53:33.641448,1,2
1807,7282,2020-02-24 08:18:25.307191,1,2
690,30696,2022-09-19 10:30:08.164844,1,2
1255,24807,2024-11-26 17:00:58.135775,1,2
154,12229,2021-02-01 21:37:00.346747,1,2
1257,31435,2023-09-13 22:52:15.037233,1,2
689,4320,2025-05-15 23:03:37.708693,1,2
1259,21249,2023-04-28 00:47:04.865788,1,2
1809,16722,2025-01-02 09:59:49.331831,1,2
1263,9658,2020-05-08 13:57:51.058890,1,2
681,1753,2020-09-07 01:44:10.466886,1,2
679,36163,2022-10-06 00:48:05.529199,1,2
1270,9997,2021-10-20 05:25:25.348289,1,2
1273,5891,2023-03-31 03:27:38.832165,1,2
1276,11660,2022-05-24 08:30:56.261921,1,2
670,21382,2024-05-29 08:37:35.361753,1,2
666,6814,2023-08-20 20:54:28.218254,1,2
1282,12658,2025-12-05 00:02:50.261466,1,2
655,27383,2023-06-16 10:28:01.874504,1,2
1287,6977,2020-09-04 20:43:18.370924,1,2
646,30937,2020-11-05 06:39:13.392558,1,2
1291,24912,2025-12-08 11:53:12.073491,1,2
1292,37314,2021-06-30 20:34:44.557911,1,2
1293,14629,2022-04-17 19:03:21.765338,1,2
640,1011,2024-12-13 03:09:21.078251,1,2
1297,15447,2022-09-30 05:45:29.097586,1,2
152,12113,2020-12-01 05:19:05.303080,1,2
637,35404,2023-05-22 17:52:49.276400,1,2
1301,27916,2024-12-31 07:16:39.797951,1,2
1304,19210,2026-01-19 02:58:35.996089,1,2
634,23552,2022-04-14 16:48:51.102971,1,2
1308,24167,2021-05-15 06:40:11.722601,1,2
151,3362,2020-04-30 12:46:32.836826,1,2
1311,25660,2023-07-13 23:30:41.749391,1,2
1312,28263,2023-10-24 19:39:36.308337,1,2
630,6360,2023-05-25 08:31:04.377560,1,2
629,14924,2020-11-16 01:53:05.929834,1,2
626,15080,2020-02-26 09:46:08.810779,1,2
1319,13003,2021-01-23 05:28:40.539550,1,2
622,13869,2023-10-29 01:46:57.445318,1,2
614,12835,2022-02-08 05:48:03.961782,1,2
1324,27736,2022-09-11 15:27:38.794125,1,2
1325,30018,2021-10-20 22:59:44.165760,1,2
1327,13518,2022-09-10 11:57:43.022415,1,2
601,3689,2023-11-08 09:39:39.002338,1,2
590,23907,2025-03-15 21:22:05.212373,1,2
1331,3007,2022-01-02 19:02:13.798348,1,2
584,23679,2021-04-17 18:47:44.525272,1,2
583,16915,2020-04-16 20:01:24.742228,1,2
582,13363,2024-10-04 11:30:04.748454,1,2
580,20475,2024-12-02 11:27:10.144722,1,2
150,19262,2020-11-09 14:33:13.684775,1,2
1341,7498,2024-02-10 15:05:23.864188,1,2
1345,15769,2021-05-26 09:00:40.751682,1,2
1816,4199,2026-01-16 18:24:49.307355,1,2
1349,7810,2021-08-27 15:59:44.667518,1,2
571,5840,2020-06-18 17:34:22.409289,1,2
147,2927,2025-08-02 15:08:26.191070,1,2
144,17802,2022-04-05 10:26:29.063851,1,2
557,3423,2025-06-06 23:58:56.090908,1,2
1358,34193,2026-01-18 09:49:10.333557,1,2
540,18313,2021-03-19 04:38:27.083311,1,2
1374,11017,2024-09-28 20:26:07.154289,1,2
1375,1670,2020-04-12 23:28:34.119577,1,2
1376,23851,2025-12-12 17:00:27.167543,1,2
1379,4752,2025-08-14 16:32:48.373830,1,2
1380,16817,2023-07-08 15:03:50.349180,1,2
1381,1273,2024-01-01 13:46:56.908548,1,2
1386,33030,2024-01-20 12:46:40.573129,1,2
522,28399,2025-04-03 04:01:52.072640,1,2
1827,1045,2021-07-03 15:21:54.584379,1,2
1394,10664,2025-11-07 06:56:35.478343,1,2
518,16301,2024-08-01 15:02:32.636426,1,2
1397,20032,2024-04-24 11:56:58.776144,1,2
517,7902,2025-04-04 14:09:27.114760,1,2
1400,22218,2023-01-14 08:39:43.385275,1,2
1829,34921,2020-09-16 14:18:00.401457,1,2
1404,23767,2025-05-29 20:32:26.068899,1,2
515,8128,2021-09-30 01:18:56.136552,1,2
136,29502,2024-12-20 13:42:35.353252,1,2
1408,24069,2025-07-28 05:28:05.708992,1,2
512,10909,2023-11-21 20:29:58.678895,1,2
133,31248,2021-01-03 01:18:16.232020,1,2
1411,10738,2020-08-01 23:41:18.872844,1,2
131,1890,2020-08-15 23:27:13.744747,1,2
1415,12173,2020-05-13 11:17:45.172683,1,2
504,15685,2021-01-15 21:59:10.040731,1,2
1419,16166,2025-02-11 22:42:31.108882,1,2
501,21593,2025-01-28 17:28:38.396372,1,2
496,33323,2023-05-02 04:05:31.828227,1,2
494,7195,2022-08-26 12:31:28.002952,1,2
489,35199,2022-12-01 08:34:17.775139,1,2
476,27900,2022-10-09 14:35:49.641134,1,2
1835,20745,2023-09-08 05:11:04.280625,1,2
1439,9532,2025-05-28 05:39:15.744972,1,2
1444,25543,2024-10-12 03:37:12.397728,1,2
1445,35686,2025-06-03 14:42:30.907430,1,2
469,32706,2022-09-08 12:33:34.561408,1,2
1449,22566,2025-08-09 15:47:36.632261,1,2
1450,12262,2025-08-30 23:50:35.088620,1,2
1451,6533,2022-03-03 09:37:11.208737,1,2
128,20301,2023-10-20 00:36:35.664110,1,2
126,28584,2024-04-12 11:19:20.849942,1,2
1455,10674,2022-05-30 12:29:54.330062,1,2
467,12623,2022-05-03 10:23:40.368302,1,2
1458,25558,2025-08-24 18:17:55.502756,1,2
125,23092,2022-07-18 03:01:08.625931,1,2
1462,13264,2020-04-21 20:31:31.497557,1,2
465,25368,2025-05-13 22:07:29.726088,1,2
464,37198,2020-11-30 02:02:31.489211,1,2
459,33392,2023-02-27 09:25:34.407977,1,2
458,4752,2025-08-12 16:32:48.373830,1,2
1840,19581,2022-11-18 02:47:34.548476,1,2
15,17791,2023-05-11 03:28:27.580122,1,2
1469,28958,2024-10-12 01:41:22.055622,1,2
457,11121,2025-06-19 11:49:32.533531,1,2
453,10145,2024-11-23 07:19:29.512314,1,2
449,29280,2023-04-16 09:39:47.327534,1,2
447,4262,2020-07-24 07:18:43.458748,1,2
446,24578,2023-04-25 23:20:21.870416,1,2
1479,24451,2021-12-30 19:39:51.218523,1,2
1482,21933,2022-06-05 11:38:39.916753,1,2
1484,30797,2020-10-10 09:17:19.290363,1,2
433,7193,2022-08-09 12:31:28.002952,1,2
14,32245,2022-08-11 10:38:06.099119,1,2
1487,9591,2021-04-21 16:22:34.111874,1,2
426,19725,2024-09-05 16:53:12.293001,1,2
421,2461,2024-01-01 06:12:41.676530,1,2
1499,35478,2025-01-28 07:17:33.050198,1,2
419,32187,2022-10-14 02:41:06.883439,1,2
417,13465,2023-10-01 00:54:55.046407,1,2
119,14097,2023-11-07 05:38:29.367036,1,2
1503,10333,2024-05-25 00:40:22.633068,1,2
1504,30259,2020-03-14 13:53:24.537502,1,2
1849,17710,2020-07-08 19:03:13.696071,1,2
112,14195,2021-05-28 11:46:11.556566,1,2
1508,1873,2025-11-22 22:03:39.644025,1,2
407,2357,2022-05-27 07:25:55.244891,1,2
1513,25364,2020-02-28 22:19:16.123940,1,2
1514,36577,2024-07-29 12:17:20.181313,1,2
1515,19429,2020-12-17 12:50:31.887191,1,2
1518,18631,2025-12-11 08:45:20.979972,1,2
1519,35187,2022-04-01 04:20:16.752909,1,2
402,12312,2023-11-15 23:20:13.436964,1,2
1522,8522,2025-09-28 15:55:12.162340,1,2
400,28343,2021-06-02 00:06:22.909589,1,2
1526,6334,2025-11-25 05:02:47.847528,1,2
1528,36542,2022-05-12 20:01:05.233244,1,2
395,7001,2023-05-06 16:49:12.141702,1,2
1531,6335,2025-06-19 09:51:23.931987,1,2
1533,13883,2021-12-26 14:24:20.700487,1,2
1852,28157,2024-06-21 07:31:34.607471,1,2
1537,33854,2024-06-19 06:25:36.931273,1,2
1539,35893,2023-04-06 00:57:13.008660,1,2
389,31211,2025-03-14 13:24:25.649111,1,2
1541,31739,2023-11-12 19:31:03.977898,1,2
388,8525,2022-10-02 09:43:46.856836,1,2
1543,7421,2024-05-29 11:31:17.040011,1,2
102,2497,2023-06-26 11:18:03.820338,1,2
1548,33555,2025-02-08 13:20:46.168414,1,2
96,34178,2022-06-09 17:48:31.087467,1,2
1551,35802,2025-09-16 23:01:31.644275,1,2
379,28458,2025-05-17 20:56:01.408590,1,2
1855,4734,2021-03-19 09:04:47.265649,1,2
1556,3978,2021-07-23 20:39:01.873706,1,2
1557,24503,2022-02-13 02:28:03.517348,1,2
377,20073,2024-12-12 01:49:01.297659,1,2
376,31790,2025-06-16 17:29:54.540230,1,2
1561,7469,2025-11-12 14:01:05.077621,1,2
1563,29416,2022-06-01 02:34:57.810014,1,2
92,24932,2020-02-14 10:55:21.425537,1,2
1565,23146,2024-08-05 06:43:54.704023,1,2
374,13096,2024-03-31 04:46:12.522872,1,2
91,14270,2024-04-03 01:26:19.388762,1,2
1568,10514,2021-11-26 02:43:47.281410,1,2
1917,39044,2023-04-25 02:25:23.756608,1,2
1575,21620,2025-09-01 00:26:29.527970,1,2
1578,26804,2021-08-29 15:56:36.407095,1,2
1579,3651,2020-10-16 10:45:14.917385,1,2
365,8924,2023-03-18 05:17:01.691151,1,2
83,36162,2022-10-26 00:48:05.529199,1,2
1583,28493,2024-10-12 15:02:16.776983,1,2
80,26381,2025-08-07 16:21:38.481415,1,2
1589,9264,2020-11-28 07:31:57.170963,1,2
361,16632,2022-06-15 12:58:29.686460,1,2
77,21035,2026-01-09 04:23:24.998229,1,2
1596,10176,2024-06-23 22:58:21.173112,1,2
347,33523,2023-01-19 22:53:23.674071,1,2
341,10787,2022-08-22 21:48:50.015969,1,2
1602,2114,2020-02-28 20:29:32.846626,1,2
336,35411,2020-05-01 22:18:31.506334,1,2
328,13845,2021-09-30 13:17:19.758733,1,2
69,8724,2022-06-21 07:49:44.246694,1,2
1609,3281,2022-07-22 14:58:05.119132,1,2
67,12940,2024-05-24 20:53:04.820024,1,2
326,28967,2025-10-24 17:55:06.514307,1,2
1615,16980,2024-06-17 15:16:36.046545,1,2
1621,16840,2021-06-21 14:13:22.778321,1,2
1624,22339,2025-08-29 01:06:30.752447,1,2
316,22520,2021-02-14 03:07:31.373813,1,2
1631,33668,2023-03-09 16:47:14.432380,1,2
1870,36454,2023-01-19 06:50:42.181762,1,2
1634,13467,2021-07-14 21:44:39.396626,1,2
308,37352,2022-06-14 16:08:48.045725,1,2
305,34450,2021-05-26 00:58:28.413790,1,2
304,25691,2021-06-18 16:33:07.252395,1,2
1919,38733,2023-06-20 02:03:16.197972,1,2
303,22535,2024-01-23 16:35:46.762043,1,2
1646,9357,2022-06-04 12:49:42.449149,1,2
1873,38761,2024-08-15 19:59:37.988676,1,2
1648,30674,2020-06-17 14:51:37.266279,1,2
302,27124,2025-02-02 05:37:58.294600,1,2
300,31476,2021-09-14 02:16:59.183446,1,2
299,13893,2021-06-21 22:33:17.314817,1,2
292,190,2021-12-31 01:00:52.501322,1,2
281,16045,2022-08-26 09:52:01.631428,1,2
56,14135,2024-06-08 05:46:34.474969,1,2
1663,13253,2022-11-09 00:08:28.279917,1,2
266,16505,2022-12-27 16:34:02.438084,1,2
265,16353,2024-10-26 10:37:10.918761,1,2
1878,39458,2025-12-25 06:39:39.533554,1,2
262,13583,2023-02-14 15:50:58.684853,1,2
1879,38701,2025-12-17 17:53:34.943158,1,2
1674,11139,2023-09-22 21:16:33.265249,1,2
261,2319,2024-12-07 06:55:08.401404,1,2
1676,5927,2024-12-18 21:33:13.500077,1,2
1678,6682,2020-04-03 12:57:18.205953,1,2
1680,24761,2021-04-27 03:37:30.233548,1,2
44,36966,2021-07-05 23:56:14.073127,1,2
256,27044,2025-10-31 17:03:18.972533,1,2
252,15992,2025-01-08 05:44:22.638745,1,2
251,15322,2025-01-06 10:06:18.858237,1,2
250,33702,2025-05-10 02:23:42.687169,1,2
248,30914,2021-10-15 02:43:13.187239,1,2
1694,16126,2023-10-20 20:21:57.141745,1,2
246,9735,2023-04-18 04:44:03.751478,1,2
244,18141,2020-09-27 19:49:05.095660,1,2
1884,39423,2025-12-09 22:11:14.794270,1,2
1700,25239,2022-07-04 05:47:53.788169,1,2
1703,33033,2020-02-26 16:18:04.312497,1,2
241,12870,2025-05-25 18:37:03.154998,1,2
1885,38758,2024-09-08 16:37:41.723266,1,2
234,17778,2023-07-03 05:39:26.602305,1,2
1712,35728,2020-02-20 09:42:41.330660,1,2
227,18895,2020-10-08 10:27:00.148473,1,2
1716,32313,2021-02-05 13:57:50.977802,1,2
1717,17780,2023-06-18 05:39:26.602305,1,2
226,23071,2022-02-27 05:46:03.262374,1,2
1887,39052,2022-03-30 08:34:20.622988,1,2
218,14879,2025-11-27 15:25:20.680580,1,2
1723,28413,2023-05-29 02:43:26.530670,1,2
1725,19692,2021-10-19 11:44:09.173569,1,2
1889,39429,2025-09-12 09:34:29.058543,1,2
212,34037,2021-04-11 06:21:04.292023,1,2
1731,26961,2025-12-23 19:14:49.843623,1,2
211,28822,2024-05-14 13:06:30.848436,1,2
1890,38645,2023-06-13 09:40:19.878447,1,2
10,11444,2025-10-28 17:00:47.068739,1,2
1930,38628,2022-02-14 15:04:38.297426,1,2
210,34095,2021-12-01 18:49:25.292750,1,2
1741,32167,2025-06-14 00:57:42.216219,1,2
34,15559,2023-10-22 03:38:55.068825,1,2
202,35977,2020-07-04 10:53:20.195067,1,2
1747,22198,2023-08-23 18:00:00.034484,1,2
1749,23259,2020-12-07 10:41:56.161503,1,2
194,15330,2023-03-12 19:00:27.884325,1,2
193,6962,2020-07-18 17:25:53.716164,1,2
1752,11063,2023-11-22 19:42:47.853455,1,2
952,15069,2022-01-22 11:23:50.330381,1,2
950,25204,2026-01-08 18:44:41.165653,1,2
939,20712,2024-03-03 02:55:00.968578,1,2
938,7829,2025-06-22 11:02:42.719766,1,2
964,34312,2021-04-12 21:02:43.965003,1,2
937,17904,2023-03-02 14:32:19.492655,1,2
1754,6705,2020-02-05 05:33:56.635746,1,2
967,4745,2022-07-01 01:49:58.202187,1,2
192,34037,2021-03-16 06:21:04.292023,1,2
970,32407,2020-07-14 10:17:59.351258,1,2
936,21173,2020-03-24 01:25:04.208560,1,2
32,13509,2023-11-24 12:21:43.522338,1,2
930,26722,2024-01-12 08:15:39.859542,1,2
928,30351,2024-03-06 17:55:54.276428,1,2
980,2335,2023-10-12 07:15:07.141070,1,2
981,33994,2020-12-04 09:51:15.328502,1,2
984,10718,2023-12-04 09:14:38.788491,1,2
987,25724,2020-09-28 02:22:31.531832,1,2
918,15755,2023-02-23 00:00:51.290341,1,2
1759,19423,2023-04-09 08:02:35.802662,1,2
991,14891,2024-01-28 17:58:00.010849,1,2
994,13565,2021-07-13 11:29:16.010594,1,2
995,19469,2024-10-20 13:57:24.043936,1,2
1760,10085,2022-03-31 11:32:37.136611,1,2
1762,21728,2024-01-01 22:43:26.003021,1,2
909,2504,2025-05-24 04:52:22.305056,1,2
1007,4133,2022-12-24 20:39:54.491979,1,2
1897,39307,2024-09-22 15:39:29.654236,1,2
1765,2113,2020-05-09 16:36:39.134627,1,2
899,29477,2020-10-27 06:00:06.887904,1,2
1019,1826,2020-12-14 18:33:21.306065,1,2
1021,18732,2024-10-23 08:27:59.243600,1,2
1024,25319,2023-02-15 21:03:43.299813,1,2
891,24892,2025-01-27 23:58:39.233222,1,2
1028,31061,2021-01-08 06:36:38.414479,1,2
890,25593,2024-05-22 03:34:20.335860,1,2
889,29992,2023-06-05 08:38:20.661670,1,2
887,13811,2025-01-24 01:42:46.895278,1,2
1033,7503,2020-07-02 00:46:35.273912,1,2
886,14376,2022-02-10 20:01:26.989315,1,2
883,20190,2024-07-14 18:14:25.004752,1,2
879,11847,2022-09-04 09:35:59.922246,1,2
1045,19604,2024-11-25 20:16:46.374781,1,2
1048,3428,2023-09-15 04:31:06.342046,1,2
1049,19791,2022-09-09 12:32:46.052434,1,2
1050,5616,2024-01-25 17:30:41.544750,1,2
1051,32580,2023-04-26 18:33:04.156840,1,2
1055,17174,2025-04-01 14:00:34.841697,1,2
187,210,2023-03-01 14:58:18.864482,1,2
867,32697,2026-01-06 13:34:17.030103,1,2
179,37275,2021-07-04 21:58:55.650172,1,2
1063,11388,2023-03-13 02:26:23.512219,1,2
1065,5824,2024-03-29 10:16:01.589609,1,2
852,26803,2021-09-16 15:56:36.407095,1,2
846,10348,2024-06-01 02:15:03.120401,1,2
1073,3948,2025-07-20 00:19:05.213912,1,2
1076,23155,2022-11-30 03:18:26.426197,1,2
1078,149,2020-12-17 22:39:42.266341,1,2
1079,20531,2023-06-07 15:42:31.109791,1,2
1088,12555,2022-06-09 05:19:19.487462,1,2
1089,661,2024-01-20 13:17:12.557085,1,2
1090,3743,2021-05-12 02:36:35.864309,1,2
1900,39487,2025-12-29 16:29:47.330203,1,2
1777,30833,2025-06-02 12:24:13.469557,1,2
26,16123,2022-10-18 03:33:33.098100,1,2
1781,249,2023-06-26 04:34:05.861946,1,2
1107,37475,2023-12-31 00:37:12.585118,1,2
809,13373,2022-02-17 18:47:27.532665,1,2
